regra_id,uf,ato,limite_inferior,limite_superior,emolumento,fundos_taxas,selos,total_tabela,iss_incluido,metodo,vigencia_inicio,vigencia_fim,status,base_iss_validada,metodo_iss,referencia,fonte_id,observacao,diferenca_componentes
MG_ESCRITURA_001,MG,ESCRITURA,0,1400,159.2,61.35,0,220.55,False,FAIXA_FIXA_NAO_PROGRESSIVA,2026-01-01,,TRANSCRITO_CONFERIDO,False,PENDENTE_LEI_MUNICIPAL,Tabela 1 item 4.b,F8f0d5a58b655,,0
MG_ESCRITURA_002,MG,ESCRITURA,1400.01,2720,259.68,100.08,0,359.76,False,FAIXA_FIXA_NAO_PROGRESSIVA,2026-01-01,,TRANSCRITO_CONFERIDO,False,PENDENTE_LEI_MUNICIPAL,Tabela 1 item 4.b,F8f0d5a58b655,,0
MG_ESCRITURA_003,MG,ESCRITURA,2720.01,5440,376.34,145.01,0,521.35,False,FAIXA_FIXA_NAO_PROGRESSIVA,2026-01-01,,TRANSCRITO_CONFERIDO,False,PENDENTE_LEI_MUNICIPAL,Tabela 1 item 4.b,F8f0d5a58b655,,0
MG_ESCRITURA_004,MG,ESCRITURA,5440.01,7000,520.99,200.76,0,721.75,False,FAIXA_FIXA_NAO_PROGRESSIVA,2026-01-01,,TRANSCRITO_CONFERIDO,False,PENDENTE_LEI_MUNICIPAL,Tabela 1 item 4.b,F8f0d5a58b655,,0
MG_ESCRITURA_005,MG,ESCRITURA,7000.01,14000,694.78,267.69,0,962.47,False,FAIXA_FIXA_NAO_PROGRESSIVA,2026-01-01,,TRANSCRITO_CONFERIDO,False,PENDENTE_LEI_MUNICIPAL,Tabela 1 item 4.b,F8f0d5a58b655,,0
MG_ESCRITURA_006,MG,ESCRITURA,14000.01,28000,897.58,345.89,0,1243.47,False,FAIXA_FIXA_NAO_PROGRESSIVA,2026-01-01,,TRANSCRITO_CONFERIDO,False,PENDENTE_LEI_MUNICIPAL,Tabela 1 item 4.b,F8f0d5a58b655,,0
MG_ESCRITURA_007,MG,ESCRITURA,28000.01,42000,1129.02,435.05,0,1564.07,False,FAIXA_FIXA_NAO_PROGRESSIVA,2026-01-01,,TRANSCRITO_CONFERIDO,False,PENDENTE_LEI_MUNICIPAL,Tabela 1 item 4.b,F8f0d5a58b655,,0
MG_ESCRITURA_008,MG,ESCRITURA,42000.01,56000,1389.81,535.5,0,1925.31,False,FAIXA_FIXA_NAO_PROGRESSIVA,2026-01-01,,TRANSCRITO_CONFERIDO,False,PENDENTE_LEI_MUNICIPAL,Tabela 1 item 4.b,F8f0d5a58b655,,0
MG_ESCRITURA_009,MG,ESCRITURA,56000.01,70000,1679.4,647.11,0,2326.51,False,FAIXA_FIXA_NAO_PROGRESSIVA,2026-01-01,,TRANSCRITO_CONFERIDO,False,PENDENTE_LEI_MUNICIPAL,Tabela 1 item 4.b,F8f0d5a58b655,,0
MG_ESCRITURA_010,MG,ESCRITURA,70000.01,105000,2113.64,814.42,0,2928.06,False,FAIXA_FIXA_NAO_PROGRESSIVA,2026-01-01,,TRANSCRITO_CONFERIDO,False,PENDENTE_LEI_MUNICIPAL,Tabela 1 item 4.b,F8f0d5a58b655,,0
MG_ESCRITURA_011,MG,ESCRITURA,105000.01,140000,2540.87,1180.65,0,3721.52,False,FAIXA_FIXA_NAO_PROGRESSIVA,2026-01-01,,TRANSCRITO_CONFERIDO,False,PENDENTE_LEI_MUNICIPAL,Tabela 1 item 4.b,F8f0d5a58b655,,0
MG_ESCRITURA_012,MG,ESCRITURA,140000.01,175000,2717.08,1262.61,0,3979.69,False,FAIXA_FIXA_NAO_PROGRESSIVA,2026-01-01,,TRANSCRITO_CONFERIDO,False,PENDENTE_LEI_MUNICIPAL,Tabela 1 item 4.b,F8f0d5a58b655,,0
MG_ESCRITURA_013,MG,ESCRITURA,175000.01,210000,2893.66,1344.66,0,4238.32,False,FAIXA_FIXA_NAO_PROGRESSIVA,2026-01-01,,TRANSCRITO_CONFERIDO,False,PENDENTE_LEI_MUNICIPAL,Tabela 1 item 4.b,F8f0d5a58b655,,0
MG_ESCRITURA_014,MG,ESCRITURA,210000.01,280000,3070.72,1701.35,0,4772.07,False,FAIXA_FIXA_NAO_PROGRESSIVA,2026-01-01,,TRANSCRITO_CONFERIDO,False,PENDENTE_LEI_MUNICIPAL,Tabela 1 item 4.b,F8f0d5a58b655,,0
MG_ESCRITURA_015,MG,ESCRITURA,280000.01,350000,3155.22,1748.31,0,4903.53,False,FAIXA_FIXA_NAO_PROGRESSIVA,2026-01-01,,TRANSCRITO_CONFERIDO,False,PENDENTE_LEI_MUNICIPAL,Tabela 1 item 4.b,F8f0d5a58b655,,0
MG_ESCRITURA_016,MG,ESCRITURA,350000.01,420000,3240.2,1795.39,0,5035.59,False,FAIXA_FIXA_NAO_PROGRESSIVA,2026-01-01,,TRANSCRITO_CONFERIDO,False,PENDENTE_LEI_MUNICIPAL,Tabela 1 item 4.b,F8f0d5a58b655,,0
MG_ESCRITURA_017,MG,ESCRITURA,420000.01,560000,3325.7,2197.44,0,5523.14,False,FAIXA_FIXA_NAO_PROGRESSIVA,2026-01-01,,TRANSCRITO_CONFERIDO,False,PENDENTE_LEI_MUNICIPAL,Tabela 1 item 4.b,F8f0d5a58b655,,0
MG_ESCRITURA_018,MG,ESCRITURA,560000.01,700000,3508.36,2318.34,0,5826.7,False,FAIXA_FIXA_NAO_PROGRESSIVA,2026-01-01,,TRANSCRITO_CONFERIDO,False,PENDENTE_LEI_MUNICIPAL,Tabela 1 item 4.b,F8f0d5a58b655,,0
MG_ESCRITURA_019,MG,ESCRITURA,700000.01,840000,3691.51,2439.36,0,6130.87,False,FAIXA_FIXA_NAO_PROGRESSIVA,2026-01-01,,TRANSCRITO_CONFERIDO,False,PENDENTE_LEI_MUNICIPAL,Tabela 1 item 4.b,F8f0d5a58b655,,0
MG_ESCRITURA_020,MG,ESCRITURA,840000.01,1120000,3875.31,2991.22,0,6866.53,False,FAIXA_FIXA_NAO_PROGRESSIVA,2026-01-01,,TRANSCRITO_CONFERIDO,False,PENDENTE_LEI_MUNICIPAL,Tabela 1 item 4.b,F8f0d5a58b655,,0
MG_ESCRITURA_021,MG,ESCRITURA,1120000.01,1400000,4197.56,3240.08,0,7437.64,False,FAIXA_FIXA_NAO_PROGRESSIVA,2026-01-01,,TRANSCRITO_CONFERIDO,False,PENDENTE_LEI_MUNICIPAL,Tabela 1 item 4.b,F8f0d5a58b655,,0
MG_ESCRITURA_022,MG,ESCRITURA,1400000.01,1680000,4520.42,3489.3,0,8009.72,False,FAIXA_FIXA_NAO_PROGRESSIVA,2026-01-01,,TRANSCRITO_CONFERIDO,False,PENDENTE_LEI_MUNICIPAL,Tabela 1 item 4.b,F8f0d5a58b655,,0
MG_ESCRITURA_023,MG,ESCRITURA,1680000.01,3200000,4844.02,3738.95,0,8582.97,False,FAIXA_FIXA_NAO_PROGRESSIVA,2026-01-01,,TRANSCRITO_CONFERIDO,False,PENDENTE_LEI_MUNICIPAL,Tabela 1 item 4.b,F8f0d5a58b655,,0
MG_REGISTRO_001,MG,REGISTRO,0,1400,159.2,61.35,0,220.55,False,FAIXA_FIXA_NAO_PROGRESSIVA,2026-01-01,,TRANSCRITO_CONFERIDO,False,PENDENTE_LEI_MUNICIPAL,Tabela 4 item 5.e,F8f0d5a58b655,,0
MG_REGISTRO_002,MG,REGISTRO,1400.01,2720,259.68,100.08,0,359.76,False,FAIXA_FIXA_NAO_PROGRESSIVA,2026-01-01,,TRANSCRITO_CONFERIDO,False,PENDENTE_LEI_MUNICIPAL,Tabela 4 item 5.e,F8f0d5a58b655,,0
MG_REGISTRO_003,MG,REGISTRO,2720.01,5440,376.34,145.01,0,521.35,False,FAIXA_FIXA_NAO_PROGRESSIVA,2026-01-01,,TRANSCRITO_CONFERIDO,False,PENDENTE_LEI_MUNICIPAL,Tabela 4 item 5.e,F8f0d5a58b655,,0
MG_REGISTRO_004,MG,REGISTRO,5440.01,7000,520.99,200.76,0,721.75,False,FAIXA_FIXA_NAO_PROGRESSIVA,2026-01-01,,TRANSCRITO_CONFERIDO,False,PENDENTE_LEI_MUNICIPAL,Tabela 4 item 5.e,F8f0d5a58b655,,0
MG_REGISTRO_005,MG,REGISTRO,7000.01,14000,694.78,267.69,0,962.47,False,FAIXA_FIXA_NAO_PROGRESSIVA,2026-01-01,,TRANSCRITO_CONFERIDO,False,PENDENTE_LEI_MUNICIPAL,Tabela 4 item 5.e,F8f0d5a58b655,,0
MG_REGISTRO_006,MG,REGISTRO,14000.01,28000,897.58,345.89,0,1243.47,False,FAIXA_FIXA_NAO_PROGRESSIVA,2026-01-01,,TRANSCRITO_CONFERIDO,False,PENDENTE_LEI_MUNICIPAL,Tabela 4 item 5.e,F8f0d5a58b655,,0
MG_REGISTRO_007,MG,REGISTRO,28000.01,42000,1129.02,435.05,0,1564.07,False,FAIXA_FIXA_NAO_PROGRESSIVA,2026-01-01,,TRANSCRITO_CONFERIDO,False,PENDENTE_LEI_MUNICIPAL,Tabela 4 item 5.e,F8f0d5a58b655,,0
MG_REGISTRO_008,MG,REGISTRO,42000.01,56000,1389.81,535.5,0,1925.31,False,FAIXA_FIXA_NAO_PROGRESSIVA,2026-01-01,,TRANSCRITO_CONFERIDO,False,PENDENTE_LEI_MUNICIPAL,Tabela 4 item 5.e,F8f0d5a58b655,,0
MG_REGISTRO_009,MG,REGISTRO,56000.01,70000,1679.4,647.11,0,2326.51,False,FAIXA_FIXA_NAO_PROGRESSIVA,2026-01-01,,TRANSCRITO_CONFERIDO,False,PENDENTE_LEI_MUNICIPAL,Tabela 4 item 5.e,F8f0d5a58b655,,0
MG_REGISTRO_010,MG,REGISTRO,70000.01,105000,2113.64,814.42,0,2928.06,False,FAIXA_FIXA_NAO_PROGRESSIVA,2026-01-01,,TRANSCRITO_CONFERIDO,False,PENDENTE_LEI_MUNICIPAL,Tabela 4 item 5.e,F8f0d5a58b655,,0
MG_REGISTRO_011,MG,REGISTRO,105000.01,140000,2540.87,1180.65,0,3721.52,False,FAIXA_FIXA_NAO_PROGRESSIVA,2026-01-01,,TRANSCRITO_CONFERIDO,False,PENDENTE_LEI_MUNICIPAL,Tabela 4 item 5.e,F8f0d5a58b655,,0
MG_REGISTRO_012,MG,REGISTRO,140000.01,175000,2717.08,1262.61,0,3979.69,False,FAIXA_FIXA_NAO_PROGRESSIVA,2026-01-01,,TRANSCRITO_CONFERIDO,False,PENDENTE_LEI_MUNICIPAL,Tabela 4 item 5.e,F8f0d5a58b655,,0
MG_REGISTRO_013,MG,REGISTRO,175000.01,210000,2893.66,1344.66,0,4238.32,False,FAIXA_FIXA_NAO_PROGRESSIVA,2026-01-01,,TRANSCRITO_CONFERIDO,False,PENDENTE_LEI_MUNICIPAL,Tabela 4 item 5.e,F8f0d5a58b655,,0
MG_REGISTRO_014,MG,REGISTRO,210000.01,280000,3070.72,1701.35,0,4772.07,False,FAIXA_FIXA_NAO_PROGRESSIVA,2026-01-01,,TRANSCRITO_CONFERIDO,False,PENDENTE_LEI_MUNICIPAL,Tabela 4 item 5.e,F8f0d5a58b655,,0
MG_REGISTRO_015,MG,REGISTRO,280000.01,350000,3155.22,1748.31,0,4903.53,False,FAIXA_FIXA_NAO_PROGRESSIVA,2026-01-01,,TRANSCRITO_CONFERIDO,False,PENDENTE_LEI_MUNICIPAL,Tabela 4 item 5.e,F8f0d5a58b655,,0
MG_REGISTRO_016,MG,REGISTRO,350000.01,420000,3240.2,1795.39,0,5035.59,False,FAIXA_FIXA_NAO_PROGRESSIVA,2026-01-01,,TRANSCRITO_CONFERIDO,False,PENDENTE_LEI_MUNICIPAL,Tabela 4 item 5.e,F8f0d5a58b655,,0
MG_REGISTRO_017,MG,REGISTRO,420000.01,560000,3325.7,2197.44,0,5523.14,False,FAIXA_FIXA_NAO_PROGRESSIVA,2026-01-01,,TRANSCRITO_CONFERIDO,False,PENDENTE_LEI_MUNICIPAL,Tabela 4 item 5.e,F8f0d5a58b655,,0
MG_REGISTRO_018,MG,REGISTRO,560000.01,700000,3508.36,2318.34,0,5826.7,False,FAIXA_FIXA_NAO_PROGRESSIVA,2026-01-01,,TRANSCRITO_CONFERIDO,False,PENDENTE_LEI_MUNICIPAL,Tabela 4 item 5.e,F8f0d5a58b655,,0
MG_REGISTRO_019,MG,REGISTRO,700000.01,840000,3691.51,2439.36,0,6130.87,False,FAIXA_FIXA_NAO_PROGRESSIVA,2026-01-01,,TRANSCRITO_CONFERIDO,False,PENDENTE_LEI_MUNICIPAL,Tabela 4 item 5.e,F8f0d5a58b655,,0
MG_REGISTRO_020,MG,REGISTRO,840000.01,1120000,3875.31,2991.22,0,6866.53,False,FAIXA_FIXA_NAO_PROGRESSIVA,2026-01-01,,TRANSCRITO_CONFERIDO,False,PENDENTE_LEI_MUNICIPAL,Tabela 4 item 5.e,F8f0d5a58b655,,0
MG_REGISTRO_021,MG,REGISTRO,1120000.01,1400000,4197.56,3240.08,0,7437.64,False,FAIXA_FIXA_NAO_PROGRESSIVA,2026-01-01,,TRANSCRITO_CONFERIDO,False,PENDENTE_LEI_MUNICIPAL,Tabela 4 item 5.e,F8f0d5a58b655,,0
MG_REGISTRO_022,MG,REGISTRO,1400000.01,1680000,4520.42,3489.3,0,8009.72,False,FAIXA_FIXA_NAO_PROGRESSIVA,2026-01-01,,TRANSCRITO_CONFERIDO,False,PENDENTE_LEI_MUNICIPAL,Tabela 4 item 5.e,F8f0d5a58b655,,0
MG_REGISTRO_023,MG,REGISTRO,1680000.01,3200000,4844.02,3738.95,0,8582.97,False,FAIXA_FIXA_NAO_PROGRESSIVA,2026-01-01,,TRANSCRITO_CONFERIDO,False,PENDENTE_LEI_MUNICIPAL,Tabela 4 item 5.e,F8f0d5a58b655,,0
AL_ESCRITURA_001,AL,ESCRITURA,0.01,2500,178.62,46.44,0,225.06,False,FAIXA_FIXA_NAO_PROGRESSIVA,2026-03-29,,TRANSCRITO_CONFERIDO,True,ADITIVO_SOBRE_EMOLUMENTO,Lei 9.778/2025 código259,F8ecf13158e26,ISS do portal é exemplo a5%; substituir pela alíquota municipal aplicável. Selo não repassado.,0
AL_ESCRITURA_002,AL,ESCRITURA,2500.01,5000,257.21,66.87,0,324.08,False,FAIXA_FIXA_NAO_PROGRESSIVA,2026-03-29,,TRANSCRITO_CONFERIDO,True,ADITIVO_SOBRE_EMOLUMENTO,Lei 9.778/2025 código259,F8ecf13158e26,ISS do portal é exemplo a5%; substituir pela alíquota municipal aplicável. Selo não repassado.,0
AL_ESCRITURA_003,AL,ESCRITURA,5000.01,7500,436.86,113.58,0,550.44,False,FAIXA_FIXA_NAO_PROGRESSIVA,2026-03-29,,TRANSCRITO_CONFERIDO,True,ADITIVO_SOBRE_EMOLUMENTO,Lei 9.778/2025 código259,F8ecf13158e26,ISS do portal é exemplo a5%; substituir pela alíquota municipal aplicável. Selo não repassado.,0
AL_ESCRITURA_004,AL,ESCRITURA,7500.01,15000,624.12,162.27,0,786.39,False,FAIXA_FIXA_NAO_PROGRESSIVA,2026-03-29,,TRANSCRITO_CONFERIDO,True,ADITIVO_SOBRE_EMOLUMENTO,Lei 9.778/2025 código259,F8ecf13158e26,ISS do portal é exemplo a5%; substituir pela alíquota municipal aplicável. Selo não repassado.,0
AL_ESCRITURA_005,AL,ESCRITURA,15000.01,25000,873.8,227.19,0,1100.99,False,FAIXA_FIXA_NAO_PROGRESSIVA,2026-03-29,,TRANSCRITO_CONFERIDO,True,ADITIVO_SOBRE_EMOLUMENTO,Lei 9.778/2025 código259,F8ecf13158e26,ISS do portal é exemplo a5%; substituir pela alíquota municipal aplicável. Selo não repassado.,0
AL_ESCRITURA_006,AL,ESCRITURA,25000.01,35000,1092.27,283.99,0,1376.26,False,FAIXA_FIXA_NAO_PROGRESSIVA,2026-03-29,,TRANSCRITO_CONFERIDO,True,ADITIVO_SOBRE_EMOLUMENTO,Lei 9.778/2025 código259,F8ecf13158e26,ISS do portal é exemplo a5%; substituir pela alíquota municipal aplicável. Selo não repassado.,0
AL_ESCRITURA_007,AL,ESCRITURA,35000.01,45000,1341.95,348.91,0,1690.86,False,FAIXA_FIXA_NAO_PROGRESSIVA,2026-03-29,,TRANSCRITO_CONFERIDO,True,ADITIVO_SOBRE_EMOLUMENTO,Lei 9.778/2025 código259,F8ecf13158e26,ISS do portal é exemplo a5%; substituir pela alíquota municipal aplicável. Selo não repassado.,0
AL_ESCRITURA_008,AL,ESCRITURA,45000.01,60000,1716.47,446.28,0,2162.75,False,FAIXA_FIXA_NAO_PROGRESSIVA,2026-03-29,,TRANSCRITO_CONFERIDO,True,ADITIVO_SOBRE_EMOLUMENTO,Lei 9.778/2025 código259,F8ecf13158e26,ISS do portal é exemplo a5%; substituir pela alíquota municipal aplicável. Selo não repassado.,0
AL_ESCRITURA_009,AL,ESCRITURA,60000.01,75000,2090.99,543.66,0,2634.65,False,FAIXA_FIXA_NAO_PROGRESSIVA,2026-03-29,,TRANSCRITO_CONFERIDO,True,ADITIVO_SOBRE_EMOLUMENTO,Lei 9.778/2025 código259,F8ecf13158e26,ISS do portal é exemplo a5%; substituir pela alíquota municipal aplicável. Selo não repassado.,0
AL_ESCRITURA_010,AL,ESCRITURA,75000.01,90000,2434.3,632.92,0,3067.22,False,FAIXA_FIXA_NAO_PROGRESSIVA,2026-03-29,,TRANSCRITO_CONFERIDO,True,ADITIVO_SOBRE_EMOLUMENTO,Lei 9.778/2025 código259,F8ecf13158e26,ISS do portal é exemplo a5%; substituir pela alíquota municipal aplicável. Selo não repassado.,0
AL_ESCRITURA_011,AL,ESCRITURA,90000.01,120000,3183.34,827.67,0,4011.01,False,FAIXA_FIXA_NAO_PROGRESSIVA,2026-03-29,,TRANSCRITO_CONFERIDO,True,ADITIVO_SOBRE_EMOLUMENTO,Lei 9.778/2025 código259,F8ecf13158e26,ISS do portal é exemplo a5%; substituir pela alíquota municipal aplicável. Selo não repassado.,0
AL_ESCRITURA_012,AL,ESCRITURA,120000.01,150000,3901.17,1014.3,0,4915.47,False,FAIXA_FIXA_NAO_PROGRESSIVA,2026-03-29,,TRANSCRITO_CONFERIDO,True,ADITIVO_SOBRE_EMOLUMENTO,Lei 9.778/2025 código259,F8ecf13158e26,ISS do portal é exemplo a5%; substituir pela alíquota municipal aplicável. Selo não repassado.,0
AL_ESCRITURA_013,AL,ESCRITURA,150000.01,200000,4494.16,1168.48,0,5662.64,False,FAIXA_FIXA_NAO_PROGRESSIVA,2026-03-29,,TRANSCRITO_CONFERIDO,True,ADITIVO_SOBRE_EMOLUMENTO,Lei 9.778/2025 código259,F8ecf13158e26,ISS do portal é exemplo a5%; substituir pela alíquota municipal aplicável. Selo não repassado.,0
AL_ESCRITURA_014,AL,ESCRITURA,200000.01,250000,4900.16,1274.04,0,6174.2,False,FAIXA_FIXA_NAO_PROGRESSIVA,2026-03-29,,TRANSCRITO_CONFERIDO,True,ADITIVO_SOBRE_EMOLUMENTO,Lei 9.778/2025 código259,F8ecf13158e26,ISS do portal é exemplo a5%; substituir pela alíquota municipal aplicável. Selo não repassado.,0
AL_ESCRITURA_015,AL,ESCRITURA,250000.01,300000,5306.11,1379.59,0,6685.7,False,FAIXA_FIXA_NAO_PROGRESSIVA,2026-03-29,,TRANSCRITO_CONFERIDO,True,ADITIVO_SOBRE_EMOLUMENTO,Lei 9.778/2025 código259,F8ecf13158e26,ISS do portal é exemplo a5%; substituir pela alíquota municipal aplicável. Selo não repassado.,0
AL_ESCRITURA_016,AL,ESCRITURA,300000.01,450000,5712.11,1485.15,0,7197.26,False,FAIXA_FIXA_NAO_PROGRESSIVA,2026-03-29,,TRANSCRITO_CONFERIDO,True,ADITIVO_SOBRE_EMOLUMENTO,Lei 9.778/2025 código259,F8ecf13158e26,ISS do portal é exemplo a5%; substituir pela alíquota municipal aplicável. Selo não repassado.,0
AL_ESCRITURA_017,AL,ESCRITURA,450000.01,600000,6118.11,1590.71,0,7708.82,False,FAIXA_FIXA_NAO_PROGRESSIVA,2026-03-29,,TRANSCRITO_CONFERIDO,True,ADITIVO_SOBRE_EMOLUMENTO,Lei 9.778/2025 código259,F8ecf13158e26,ISS do portal é exemplo a5%; substituir pela alíquota municipal aplicável. Selo não repassado.,0
AL_ESCRITURA_018,AL,ESCRITURA,600000.01,750000,6524.11,1696.27,0,8220.38,False,FAIXA_FIXA_NAO_PROGRESSIVA,2026-03-29,,TRANSCRITO_CONFERIDO,True,ADITIVO_SOBRE_EMOLUMENTO,Lei 9.778/2025 código259,F8ecf13158e26,ISS do portal é exemplo a5%; substituir pela alíquota municipal aplicável. Selo não repassado.,0
AL_ESCRITURA_019,AL,ESCRITURA,750000.01,1000000,6930.11,1801.83,0,8731.94,False,FAIXA_FIXA_NAO_PROGRESSIVA,2026-03-29,,TRANSCRITO_CONFERIDO,True,ADITIVO_SOBRE_EMOLUMENTO,Lei 9.778/2025 código259,F8ecf13158e26,ISS do portal é exemplo a5%; substituir pela alíquota municipal aplicável. Selo não repassado.,0
AL_ESCRITURA_020,AL,ESCRITURA,1000000.01,1500000,7539.67,1960.31,0,9499.98,False,FAIXA_FIXA_NAO_PROGRESSIVA,2026-03-29,,TRANSCRITO_CONFERIDO,True,ADITIVO_SOBRE_EMOLUMENTO,Lei 9.778/2025 código259,F8ecf13158e26,ISS do portal é exemplo a5%; substituir pela alíquota municipal aplicável. Selo não repassado.,0
AL_ESCRITURA_021,AL,ESCRITURA,1500000.01,2000000,8148.11,2118.51,0,10266.62,False,FAIXA_FIXA_NAO_PROGRESSIVA,2026-03-29,,TRANSCRITO_CONFERIDO,True,ADITIVO_SOBRE_EMOLUMENTO,Lei 9.778/2025 código259,F8ecf13158e26,ISS do portal é exemplo a5%; substituir pela alíquota municipal aplicável. Selo não repassado.,0
AL_ESCRITURA_022,AL,ESCRITURA,2000000.01,4000000,8960.11,2329.63,0,11289.74,False,FAIXA_FIXA_NAO_PROGRESSIVA,2026-03-29,,TRANSCRITO_CONFERIDO,True,ADITIVO_SOBRE_EMOLUMENTO,Lei 9.778/2025 código259,F8ecf13158e26,ISS do portal é exemplo a5%; substituir pela alíquota municipal aplicável. Selo não repassado.,0
AL_ESCRITURA_023,AL,ESCRITURA,4000000.01,6000000,9772.11,2540.75,0,12312.86,False,FAIXA_FIXA_NAO_PROGRESSIVA,2026-03-29,,TRANSCRITO_CONFERIDO,True,ADITIVO_SOBRE_EMOLUMENTO,Lei 9.778/2025 código259,F8ecf13158e26,ISS do portal é exemplo a5%; substituir pela alíquota municipal aplicável. Selo não repassado.,0
AL_ESCRITURA_024,AL,ESCRITURA,6000000.01,8000000,10584.11,2751.87,0,13335.98,False,FAIXA_FIXA_NAO_PROGRESSIVA,2026-03-29,,TRANSCRITO_CONFERIDO,True,ADITIVO_SOBRE_EMOLUMENTO,Lei 9.778/2025 código259,F8ecf13158e26,ISS do portal é exemplo a5%; substituir pela alíquota municipal aplicável. Selo não repassado.,0
AL_ESCRITURA_025,AL,ESCRITURA,8000000.01,10000000,11396.11,2962.99,0,14359.1,False,FAIXA_FIXA_NAO_PROGRESSIVA,2026-03-29,,TRANSCRITO_CONFERIDO,True,ADITIVO_SOBRE_EMOLUMENTO,Lei 9.778/2025 código259,F8ecf13158e26,ISS do portal é exemplo a5%; substituir pela alíquota municipal aplicável. Selo não repassado.,0
AL_ESCRITURA_026,AL,ESCRITURA,10000000.01,,12208.11,3174.11,0,15382.22,False,FAIXA_FIXA_NAO_PROGRESSIVA,2026-03-29,,TRANSCRITO_CONFERIDO,True,ADITIVO_SOBRE_EMOLUMENTO,Lei 9.778/2025 código259,F8ecf13158e26,ISS do portal é exemplo a5%; substituir pela alíquota municipal aplicável. Selo não repassado.,0
AL_REGISTRO_001,AL,REGISTRO,0.01,2500,178.62,46.44,0,225.06,False,FAIXA_FIXA_NAO_PROGRESSIVA,2026-03-29,,TRANSCRITO_CONFERIDO,True,ADITIVO_SOBRE_EMOLUMENTO,Lei 9.778/2025 código200,F5116c22c2845,ISS do portal é exemplo a5%; substituir pela alíquota municipal aplicável. Selo não repassado.,0
AL_REGISTRO_002,AL,REGISTRO,2500.01,5000,257.21,66.87,0,324.08,False,FAIXA_FIXA_NAO_PROGRESSIVA,2026-03-29,,TRANSCRITO_CONFERIDO,True,ADITIVO_SOBRE_EMOLUMENTO,Lei 9.778/2025 código200,F5116c22c2845,ISS do portal é exemplo a5%; substituir pela alíquota municipal aplicável. Selo não repassado.,0
AL_REGISTRO_003,AL,REGISTRO,5000.01,7500,436.86,113.58,0,550.44,False,FAIXA_FIXA_NAO_PROGRESSIVA,2026-03-29,,TRANSCRITO_CONFERIDO,True,ADITIVO_SOBRE_EMOLUMENTO,Lei 9.778/2025 código200,F5116c22c2845,ISS do portal é exemplo a5%; substituir pela alíquota municipal aplicável. Selo não repassado.,0
AL_REGISTRO_004,AL,REGISTRO,7500.01,15000,624.12,162.27,0,786.39,False,FAIXA_FIXA_NAO_PROGRESSIVA,2026-03-29,,TRANSCRITO_CONFERIDO,True,ADITIVO_SOBRE_EMOLUMENTO,Lei 9.778/2025 código200,F5116c22c2845,ISS do portal é exemplo a5%; substituir pela alíquota municipal aplicável. Selo não repassado.,0
AL_REGISTRO_005,AL,REGISTRO,15000.01,25000,873.8,227.19,0,1100.99,False,FAIXA_FIXA_NAO_PROGRESSIVA,2026-03-29,,TRANSCRITO_CONFERIDO,True,ADITIVO_SOBRE_EMOLUMENTO,Lei 9.778/2025 código200,F5116c22c2845,ISS do portal é exemplo a5%; substituir pela alíquota municipal aplicável. Selo não repassado.,0
AL_REGISTRO_006,AL,REGISTRO,25000.01,35000,1092.27,283.99,0,1376.26,False,FAIXA_FIXA_NAO_PROGRESSIVA,2026-03-29,,TRANSCRITO_CONFERIDO,True,ADITIVO_SOBRE_EMOLUMENTO,Lei 9.778/2025 código200,F5116c22c2845,ISS do portal é exemplo a5%; substituir pela alíquota municipal aplicável. Selo não repassado.,0
AL_REGISTRO_007,AL,REGISTRO,35000.01,45000,1341.95,348.91,0,1690.86,False,FAIXA_FIXA_NAO_PROGRESSIVA,2026-03-29,,TRANSCRITO_CONFERIDO,True,ADITIVO_SOBRE_EMOLUMENTO,Lei 9.778/2025 código200,F5116c22c2845,ISS do portal é exemplo a5%; substituir pela alíquota municipal aplicável. Selo não repassado.,0
AL_REGISTRO_008,AL,REGISTRO,45000.01,60000,1716.47,446.28,0,2162.75,False,FAIXA_FIXA_NAO_PROGRESSIVA,2026-03-29,,TRANSCRITO_CONFERIDO,True,ADITIVO_SOBRE_EMOLUMENTO,Lei 9.778/2025 código200,F5116c22c2845,ISS do portal é exemplo a5%; substituir pela alíquota municipal aplicável. Selo não repassado.,0
AL_REGISTRO_009,AL,REGISTRO,60000.01,75000,2090.99,543.66,0,2634.65,False,FAIXA_FIXA_NAO_PROGRESSIVA,2026-03-29,,TRANSCRITO_CONFERIDO,True,ADITIVO_SOBRE_EMOLUMENTO,Lei 9.778/2025 código200,F5116c22c2845,ISS do portal é exemplo a5%; substituir pela alíquota municipal aplicável. Selo não repassado.,0
AL_REGISTRO_010,AL,REGISTRO,75000.01,90000,2434.3,632.92,0,3067.22,False,FAIXA_FIXA_NAO_PROGRESSIVA,2026-03-29,,TRANSCRITO_CONFERIDO,True,ADITIVO_SOBRE_EMOLUMENTO,Lei 9.778/2025 código200,F5116c22c2845,ISS do portal é exemplo a5%; substituir pela alíquota municipal aplicável. Selo não repassado.,0
AL_REGISTRO_011,AL,REGISTRO,90000.01,120000,3183.34,827.67,0,4011.01,False,FAIXA_FIXA_NAO_PROGRESSIVA,2026-03-29,,TRANSCRITO_CONFERIDO,True,ADITIVO_SOBRE_EMOLUMENTO,Lei 9.778/2025 código200,F5116c22c2845,ISS do portal é exemplo a5%; substituir pela alíquota municipal aplicável. Selo não repassado.,0
AL_REGISTRO_012,AL,REGISTRO,120000.01,150000,3901.17,1014.3,0,4915.47,False,FAIXA_FIXA_NAO_PROGRESSIVA,2026-03-29,,TRANSCRITO_CONFERIDO,True,ADITIVO_SOBRE_EMOLUMENTO,Lei 9.778/2025 código200,F5116c22c2845,ISS do portal é exemplo a5%; substituir pela alíquota municipal aplicável. Selo não repassado.,0
AL_REGISTRO_013,AL,REGISTRO,150000.01,200000,4494.16,1168.48,0,5662.64,False,FAIXA_FIXA_NAO_PROGRESSIVA,2026-03-29,,TRANSCRITO_CONFERIDO,True,ADITIVO_SOBRE_EMOLUMENTO,Lei 9.778/2025 código200,F5116c22c2845,ISS do portal é exemplo a5%; substituir pela alíquota municipal aplicável. Selo não repassado.,0
AL_REGISTRO_014,AL,REGISTRO,200000.01,250000,4900.16,1274.04,0,6174.2,False,FAIXA_FIXA_NAO_PROGRESSIVA,2026-03-29,,TRANSCRITO_CONFERIDO,True,ADITIVO_SOBRE_EMOLUMENTO,Lei 9.778/2025 código200,F5116c22c2845,ISS do portal é exemplo a5%; substituir pela alíquota municipal aplicável. Selo não repassado.,0
AL_REGISTRO_015,AL,REGISTRO,250000.01,300000,5306.11,1379.59,0,6685.7,False,FAIXA_FIXA_NAO_PROGRESSIVA,2026-03-29,,TRANSCRITO_CONFERIDO,True,ADITIVO_SOBRE_EMOLUMENTO,Lei 9.778/2025 código200,F5116c22c2845,ISS do portal é exemplo a5%; substituir pela alíquota municipal aplicável. Selo não repassado.,0
AL_REGISTRO_016,AL,REGISTRO,300000.01,450000,5712.11,1485.15,0,7197.26,False,FAIXA_FIXA_NAO_PROGRESSIVA,2026-03-29,,TRANSCRITO_CONFERIDO,True,ADITIVO_SOBRE_EMOLUMENTO,Lei 9.778/2025 código200,F5116c22c2845,ISS do portal é exemplo a5%; substituir pela alíquota municipal aplicável. Selo não repassado.,0
AL_REGISTRO_017,AL,REGISTRO,450000.01,600000,6118.11,1590.71,0,7708.82,False,FAIXA_FIXA_NAO_PROGRESSIVA,2026-03-29,,TRANSCRITO_CONFERIDO,True,ADITIVO_SOBRE_EMOLUMENTO,Lei 9.778/2025 código200,F5116c22c2845,ISS do portal é exemplo a5%; substituir pela alíquota municipal aplicável. Selo não repassado.,0
AL_REGISTRO_018,AL,REGISTRO,600000.01,750000,6524.11,1696.27,0,8220.38,False,FAIXA_FIXA_NAO_PROGRESSIVA,2026-03-29,,TRANSCRITO_CONFERIDO,True,ADITIVO_SOBRE_EMOLUMENTO,Lei 9.778/2025 código200,F5116c22c2845,ISS do portal é exemplo a5%; substituir pela alíquota municipal aplicável. Selo não repassado.,0
AL_REGISTRO_019,AL,REGISTRO,750000.01,1000000,6930.11,1801.83,0,8731.94,False,FAIXA_FIXA_NAO_PROGRESSIVA,2026-03-29,,TRANSCRITO_CONFERIDO,True,ADITIVO_SOBRE_EMOLUMENTO,Lei 9.778/2025 código200,F5116c22c2845,ISS do portal é exemplo a5%; substituir pela alíquota municipal aplicável. Selo não repassado.,0
AL_REGISTRO_020,AL,REGISTRO,1000000.01,1500000,7539.67,1960.31,0,9499.98,False,FAIXA_FIXA_NAO_PROGRESSIVA,2026-03-29,,TRANSCRITO_CONFERIDO,True,ADITIVO_SOBRE_EMOLUMENTO,Lei 9.778/2025 código200,F5116c22c2845,ISS do portal é exemplo a5%; substituir pela alíquota municipal aplicável. Selo não repassado.,0
AL_REGISTRO_021,AL,REGISTRO,1500000.01,2000000,8148.11,2118.51,0,10266.62,False,FAIXA_FIXA_NAO_PROGRESSIVA,2026-03-29,,TRANSCRITO_CONFERIDO,True,ADITIVO_SOBRE_EMOLUMENTO,Lei 9.778/2025 código200,F5116c22c2845,ISS do portal é exemplo a5%; substituir pela alíquota municipal aplicável. Selo não repassado.,0
AL_REGISTRO_022,AL,REGISTRO,2000000.01,4000000,8960.11,2329.63,0,11289.74,False,FAIXA_FIXA_NAO_PROGRESSIVA,2026-03-29,,TRANSCRITO_CONFERIDO,True,ADITIVO_SOBRE_EMOLUMENTO,Lei 9.778/2025 código200,F5116c22c2845,ISS do portal é exemplo a5%; substituir pela alíquota municipal aplicável. Selo não repassado.,0
AL_REGISTRO_023,AL,REGISTRO,4000000.01,6000000,9772.11,2540.75,0,12312.86,False,FAIXA_FIXA_NAO_PROGRESSIVA,2026-03-29,,TRANSCRITO_CONFERIDO,True,ADITIVO_SOBRE_EMOLUMENTO,Lei 9.778/2025 código200,F5116c22c2845,ISS do portal é exemplo a5%; substituir pela alíquota municipal aplicável. Selo não repassado.,0
AL_REGISTRO_024,AL,REGISTRO,6000000.01,8000000,10584.11,2751.87,0,13335.98,False,FAIXA_FIXA_NAO_PROGRESSIVA,2026-03-29,,TRANSCRITO_CONFERIDO,True,ADITIVO_SOBRE_EMOLUMENTO,Lei 9.778/2025 código200,F5116c22c2845,ISS do portal é exemplo a5%; substituir pela alíquota municipal aplicável. Selo não repassado.,0
AL_REGISTRO_025,AL,REGISTRO,8000000.01,10000000,11396.11,2962.99,0,14359.1,False,FAIXA_FIXA_NAO_PROGRESSIVA,2026-03-29,,TRANSCRITO_CONFERIDO,True,ADITIVO_SOBRE_EMOLUMENTO,Lei 9.778/2025 código200,F5116c22c2845,ISS do portal é exemplo a5%; substituir pela alíquota municipal aplicável. Selo não repassado.,0
AL_REGISTRO_026,AL,REGISTRO,10000000.01,,12208.11,3174.11,0,15382.22,False,FAIXA_FIXA_NAO_PROGRESSIVA,2026-03-29,,TRANSCRITO_CONFERIDO,True,ADITIVO_SOBRE_EMOLUMENTO,Lei 9.778/2025 código200,F5116c22c2845,ISS do portal é exemplo a5%; substituir pela alíquota municipal aplicável. Selo não repassado.,0
DF_ESCRITURA_001,DF,ESCRITURA,0,9524.89,410.56,28.74,0,439.29,False,FAIXA_FIXA_NAO_PROGRESSIVA,2026-01-01,,TRANSCRITO_CONFERIDO,False,PENDENTE_LEI_MUNICIPAL,Resolução2/2025 TabelaI1.1,F30cfb7848682,Total publicado preservado; diferença centesimal não corrigida silenciosamente. ISS separado pendente.,-0.01
DF_ESCRITURA_002,DF,ESCRITURA,9524.9,15272.67,624.04,43.68,0,667.73,False,FAIXA_FIXA_NAO_PROGRESSIVA,2026-01-01,,TRANSCRITO_CONFERIDO,False,PENDENTE_LEI_MUNICIPAL,Resolução2/2025 TabelaI1.1,F30cfb7848682,Total publicado preservado; diferença centesimal não corrigida silenciosamente. ISS separado pendente.,0.01
DF_ESCRITURA_003,DF,ESCRITURA,15272.68,28738.89,1280.93,89.67,0,1370.6,False,FAIXA_FIXA_NAO_PROGRESSIVA,2026-01-01,,TRANSCRITO_CONFERIDO,False,PENDENTE_LEI_MUNICIPAL,Resolução2/2025 TabelaI1.1,F30cfb7848682,Total publicado preservado; diferença centesimal não corrigida silenciosamente. ISS separado pendente.,0
DF_ESCRITURA_004,DF,ESCRITURA,28738.9,57477.78,1724.34,120.7,0,1845.05,False,FAIXA_FIXA_NAO_PROGRESSIVA,2026-01-01,,TRANSCRITO_CONFERIDO,False,PENDENTE_LEI_MUNICIPAL,Resolução2/2025 TabelaI1.1,F30cfb7848682,Total publicado preservado; diferença centesimal não corrigida silenciosamente. ISS separado pendente.,0.01
DF_ESCRITURA_005,DF,ESCRITURA,57477.79,85888.21,1806.45,126.45,0,1932.9,False,FAIXA_FIXA_NAO_PROGRESSIVA,2026-01-01,,TRANSCRITO_CONFERIDO,False,PENDENTE_LEI_MUNICIPAL,Resolução2/2025 TabelaI1.1,F30cfb7848682,Total publicado preservado; diferença centesimal não corrigida silenciosamente. ISS separado pendente.,0
DF_ESCRITURA_006,DF,ESCRITURA,85888.22,200351.09,1888.56,132.2,0,2020.76,False,FAIXA_FIXA_NAO_PROGRESSIVA,2026-01-01,,TRANSCRITO_CONFERIDO,False,PENDENTE_LEI_MUNICIPAL,Resolução2/2025 TabelaI1.1,F30cfb7848682,Total publicado preservado; diferença centesimal não corrigida silenciosamente. ISS separado pendente.,0
DF_ESCRITURA_007,DF,ESCRITURA,200351.1,343224.42,2052.79,143.69,0,2196.48,False,FAIXA_FIXA_NAO_PROGRESSIVA,2026-01-01,,TRANSCRITO_CONFERIDO,False,PENDENTE_LEI_MUNICIPAL,Resolução2/2025 TabelaI1.1,F30cfb7848682,Total publicado preservado; diferença centesimal não corrigida silenciosamente. ISS separado pendente.,0
DF_ESCRITURA_008,DF,ESCRITURA,343224.43,858882.16,2217.01,155.19,0,2372.2,False,FAIXA_FIXA_NAO_PROGRESSIVA,2026-01-01,,TRANSCRITO_CONFERIDO,False,PENDENTE_LEI_MUNICIPAL,Resolução2/2025 TabelaI1.1,F30cfb7848682,Total publicado preservado; diferença centesimal não corrigida silenciosamente. ISS separado pendente.,0
DF_ESCRITURA_009,DF,ESCRITURA,858882.17,1313777.69,2381.23,166.69,0,2547.91,False,FAIXA_FIXA_NAO_PROGRESSIVA,2026-01-01,,TRANSCRITO_CONFERIDO,False,PENDENTE_LEI_MUNICIPAL,Resolução2/2025 TabelaI1.1,F30cfb7848682,Total publicado preservado; diferença centesimal não corrigida silenciosamente. ISS separado pendente.,-0.01
DF_ESCRITURA_010,DF,ESCRITURA,1313777.7,1806444.32,2545.45,178.18,0,2723.63,False,FAIXA_FIXA_NAO_PROGRESSIVA,2026-01-01,,TRANSCRITO_CONFERIDO,False,PENDENTE_LEI_MUNICIPAL,Resolução2/2025 TabelaI1.1,F30cfb7848682,Total publicado preservado; diferença centesimal não corrigida silenciosamente. ISS separado pendente.,0
DF_ESCRITURA_011,DF,ESCRITURA,1806444.33,,2709.67,189.68,0,2899.35,False,FAIXA_FIXA_NAO_PROGRESSIVA,2026-01-01,,TRANSCRITO_CONFERIDO,False,PENDENTE_LEI_MUNICIPAL,Resolução2/2025 TabelaI1.1,F30cfb7848682,Total publicado preservado; diferença centesimal não corrigida silenciosamente. ISS separado pendente.,0
DF_REGISTRO_001,DF,REGISTRO,0,32844.44,624.04,43.68,0,667.73,False,FAIXA_FIXA_NAO_PROGRESSIVA,2026-01-01,,TRANSCRITO_CONFERIDO,False,PENDENTE_LEI_MUNICIPAL,Resolução2/2025 TabelaII1.1,F30cfb7848682,Total publicado preservado; diferença centesimal não corrigida silenciosamente. ISS separado pendente.,0.01
DF_REGISTRO_002,DF,REGISTRO,32844.45,82111.11,788.27,55.18,0,843.44,False,FAIXA_FIXA_NAO_PROGRESSIVA,2026-01-01,,TRANSCRITO_CONFERIDO,False,PENDENTE_LEI_MUNICIPAL,Resolução2/2025 TabelaII1.1,F30cfb7848682,Total publicado preservado; diferença centesimal não corrigida silenciosamente. ISS separado pendente.,-0.01
DF_REGISTRO_003,DF,REGISTRO,82111.12,164222.21,952.49,66.67,0,1019.16,False,FAIXA_FIXA_NAO_PROGRESSIVA,2026-01-01,,TRANSCRITO_CONFERIDO,False,PENDENTE_LEI_MUNICIPAL,Resolução2/2025 TabelaII1.1,F30cfb7848682,Total publicado preservado; diferença centesimal não corrigida silenciosamente. ISS separado pendente.,0
DF_REGISTRO_004,DF,REGISTRO,164222.22,262755.54,1067.45,74.72,0,1142.17,False,FAIXA_FIXA_NAO_PROGRESSIVA,2026-01-01,,TRANSCRITO_CONFERIDO,False,PENDENTE_LEI_MUNICIPAL,Resolução2/2025 TabelaII1.1,F30cfb7848682,Total publicado preservado; diferença centesimal não corrigida silenciosamente. ISS separado pendente.,0
DF_REGISTRO_005,DF,REGISTRO,262755.55,574777.74,1231.67,86.22,0,1317.88,False,FAIXA_FIXA_NAO_PROGRESSIVA,2026-01-01,,TRANSCRITO_CONFERIDO,False,PENDENTE_LEI_MUNICIPAL,Resolução2/2025 TabelaII1.1,F30cfb7848682,Total publicado preservado; diferença centesimal não corrigida silenciosamente. ISS separado pendente.,-0.01
DF_REGISTRO_006,DF,REGISTRO,574777.75,870377.72,1395.9,97.71,0,1493.61,False,FAIXA_FIXA_NAO_PROGRESSIVA,2026-01-01,,TRANSCRITO_CONFERIDO,False,PENDENTE_LEI_MUNICIPAL,Resolução2/2025 TabelaII1.1,F30cfb7848682,Total publicado preservado; diferença centesimal não corrigida silenciosamente. ISS separado pendente.,0
DF_REGISTRO_007,DF,REGISTRO,870377.73,1149555.47,1560.12,109.21,0,1669.33,False,FAIXA_FIXA_NAO_PROGRESSIVA,2026-01-01,,TRANSCRITO_CONFERIDO,False,PENDENTE_LEI_MUNICIPAL,Resolução2/2025 TabelaII1.1,F30cfb7848682,Total publicado preservado; diferença centesimal não corrigida silenciosamente. ISS separado pendente.,0
DF_REGISTRO_008,DF,REGISTRO,1149555.48,1477999.89,1724.34,120.7,0,1845.05,False,FAIXA_FIXA_NAO_PROGRESSIVA,2026-01-01,,TRANSCRITO_CONFERIDO,False,PENDENTE_LEI_MUNICIPAL,Resolução2/2025 TabelaII1.1,F30cfb7848682,Total publicado preservado; diferença centesimal não corrigida silenciosamente. ISS separado pendente.,0.01
DF_REGISTRO_009,DF,REGISTRO,1477999.9,1970666.52,1888.56,132.2,0,2020.76,False,FAIXA_FIXA_NAO_PROGRESSIVA,2026-01-01,,TRANSCRITO_CONFERIDO,False,PENDENTE_LEI_MUNICIPAL,Resolução2/2025 TabelaII1.1,F30cfb7848682,Total publicado preservado; diferença centesimal não corrigida silenciosamente. ISS separado pendente.,0
DF_REGISTRO_010,DF,REGISTRO,1970666.53,,2052.79,143.69,0,2196.48,False,FAIXA_FIXA_NAO_PROGRESSIVA,2026-01-01,,TRANSCRITO_CONFERIDO,False,PENDENTE_LEI_MUNICIPAL,Resolução2/2025 TabelaII1.1,F30cfb7848682,Total publicado preservado; diferença centesimal não corrigida silenciosamente. ISS separado pendente.,0
RJ_ESCRITURA_001,RJ,ESCRITURA,0,21064.17,331.9,6.63,0,338.53,False,FAIXA_FIXA_NAO_PROGRESSIVA,2026-03-09,,TRANSCRITO_CONFERIDO,False,PENDENTE_LEI_MUNICIPAL,Portaria516/2026 Tabela07 item1,F2145300e1a01,"Total_tabela=emolumento+2% atos gratuitos/PMCMV. Somar fundos legais, selo3,27, eventual distribuição e ISS municipal.",0
RJ_ESCRITURA_002,RJ,ESCRITURA,21064.18,42128.37,548.45,10.96,0,559.41,False,FAIXA_FIXA_NAO_PROGRESSIVA,2026-03-09,,TRANSCRITO_CONFERIDO,False,PENDENTE_LEI_MUNICIPAL,Portaria516/2026 Tabela07 item1,F2145300e1a01,"Total_tabela=emolumento+2% atos gratuitos/PMCMV. Somar fundos legais, selo3,27, eventual distribuição e ISS municipal.",0
RJ_ESCRITURA_003,RJ,ESCRITURA,42128.38,63192.57,765.04,15.3,0,780.34,False,FAIXA_FIXA_NAO_PROGRESSIVA,2026-03-09,,TRANSCRITO_CONFERIDO,False,PENDENTE_LEI_MUNICIPAL,Portaria516/2026 Tabela07 item1,F2145300e1a01,"Total_tabela=emolumento+2% atos gratuitos/PMCMV. Somar fundos legais, selo3,27, eventual distribuição e ISS municipal.",0
RJ_ESCRITURA_004,RJ,ESCRITURA,63192.58,84256.79,938.25,18.76,0,957.01,False,FAIXA_FIXA_NAO_PROGRESSIVA,2026-03-09,,TRANSCRITO_CONFERIDO,False,PENDENTE_LEI_MUNICIPAL,Portaria516/2026 Tabela07 item1,F2145300e1a01,"Total_tabela=emolumento+2% atos gratuitos/PMCMV. Somar fundos legais, selo3,27, eventual distribuição e ISS municipal.",0
RJ_ESCRITURA_005,RJ,ESCRITURA,84256.8,112342.37,1663.03,33.26,0,1696.29,False,FAIXA_FIXA_NAO_PROGRESSIVA,2026-03-09,,TRANSCRITO_CONFERIDO,False,PENDENTE_LEI_MUNICIPAL,Portaria516/2026 Tabela07 item1,F2145300e1a01,"Total_tabela=emolumento+2% atos gratuitos/PMCMV. Somar fundos legais, selo3,27, eventual distribuição e ISS municipal.",0
RJ_ESCRITURA_006,RJ,ESCRITURA,112342.38,140427.98,1963.31,39.26,0,2002.57,False,FAIXA_FIXA_NAO_PROGRESSIVA,2026-03-09,,TRANSCRITO_CONFERIDO,False,PENDENTE_LEI_MUNICIPAL,Portaria516/2026 Tabela07 item1,F2145300e1a01,"Total_tabela=emolumento+2% atos gratuitos/PMCMV. Somar fundos legais, selo3,27, eventual distribuição e ISS municipal.",0
RJ_ESCRITURA_007,RJ,ESCRITURA,140427.99,280855.98,2656.25,53.12,0,2709.37,False,FAIXA_FIXA_NAO_PROGRESSIVA,2026-03-09,,TRANSCRITO_CONFERIDO,False,PENDENTE_LEI_MUNICIPAL,Portaria516/2026 Tabela07 item1,F2145300e1a01,"Total_tabela=emolumento+2% atos gratuitos/PMCMV. Somar fundos legais, selo3,27, eventual distribuição e ISS municipal.",0
RJ_ESCRITURA_008,RJ,ESCRITURA,280855.99,561711.99,2850.22,57,0,2907.22,False,FAIXA_FIXA_NAO_PROGRESSIVA,2026-03-09,,TRANSCRITO_CONFERIDO,False,PENDENTE_LEI_MUNICIPAL,Portaria516/2026 Tabela07 item1,F2145300e1a01,"Total_tabela=emolumento+2% atos gratuitos/PMCMV. Somar fundos legais, selo3,27, eventual distribuição e ISS municipal.",0
RJ_REGISTRO_001,RJ,REGISTRO,0,21064.17,327.23,6.54,0,333.77,False,FAIXA_FIXA_NAO_PROGRESSIVA,2026-03-09,,TRANSCRITO_CONFERIDO,False,PENDENTE_LEI_MUNICIPAL,Portaria516/2026 Tabela05.1 item1,F2145300e1a01,"Total_tabela=emolumento+2% atos gratuitos/PMCMV. Somar fundos legais, selo3,27, eventual distribuição e ISS municipal.",0
RJ_REGISTRO_002,RJ,REGISTRO,21064.18,42128.37,540.71,10.81,0,551.52,False,FAIXA_FIXA_NAO_PROGRESSIVA,2026-03-09,,TRANSCRITO_CONFERIDO,False,PENDENTE_LEI_MUNICIPAL,Portaria516/2026 Tabela05.1 item1,F2145300e1a01,"Total_tabela=emolumento+2% atos gratuitos/PMCMV. Somar fundos legais, selo3,27, eventual distribuição e ISS municipal.",0
RJ_REGISTRO_003,RJ,REGISTRO,42128.38,63192.57,754.28,15.08,0,769.36,False,FAIXA_FIXA_NAO_PROGRESSIVA,2026-03-09,,TRANSCRITO_CONFERIDO,False,PENDENTE_LEI_MUNICIPAL,Portaria516/2026 Tabela05.1 item1,F2145300e1a01,"Total_tabela=emolumento+2% atos gratuitos/PMCMV. Somar fundos legais, selo3,27, eventual distribuição e ISS municipal.",0
RJ_REGISTRO_004,RJ,REGISTRO,63192.58,84256.79,925.03,18.5,0,943.53,False,FAIXA_FIXA_NAO_PROGRESSIVA,2026-03-09,,TRANSCRITO_CONFERIDO,False,PENDENTE_LEI_MUNICIPAL,Portaria516/2026 Tabela05.1 item1,F2145300e1a01,"Total_tabela=emolumento+2% atos gratuitos/PMCMV. Somar fundos legais, selo3,27, eventual distribuição e ISS municipal.",0
RJ_REGISTRO_005,RJ,REGISTRO,84256.8,112342.37,1639.6,32.79,0,1672.39,False,FAIXA_FIXA_NAO_PROGRESSIVA,2026-03-09,,TRANSCRITO_CONFERIDO,False,PENDENTE_LEI_MUNICIPAL,Portaria516/2026 Tabela05.1 item1,F2145300e1a01,"Total_tabela=emolumento+2% atos gratuitos/PMCMV. Somar fundos legais, selo3,27, eventual distribuição e ISS municipal.",0
RJ_REGISTRO_006,RJ,REGISTRO,112342.38,140427.98,1935.68,38.71,0,1974.39,False,FAIXA_FIXA_NAO_PROGRESSIVA,2026-03-09,,TRANSCRITO_CONFERIDO,False,PENDENTE_LEI_MUNICIPAL,Portaria516/2026 Tabela05.1 item1,F2145300e1a01,"Total_tabela=emolumento+2% atos gratuitos/PMCMV. Somar fundos legais, selo3,27, eventual distribuição e ISS municipal.",0
RJ_REGISTRO_007,RJ,REGISTRO,140427.99,280855.98,2618.85,52.37,0,2671.22,False,FAIXA_FIXA_NAO_PROGRESSIVA,2026-03-09,,TRANSCRITO_CONFERIDO,False,PENDENTE_LEI_MUNICIPAL,Portaria516/2026 Tabela05.1 item1,F2145300e1a01,"Total_tabela=emolumento+2% atos gratuitos/PMCMV. Somar fundos legais, selo3,27, eventual distribuição e ISS municipal.",0
RJ_REGISTRO_008,RJ,REGISTRO,280855.99,561711.99,2818.18,56.36,0,2874.54,False,FAIXA_FIXA_NAO_PROGRESSIVA,2026-03-09,,TRANSCRITO_CONFERIDO,False,PENDENTE_LEI_MUNICIPAL,Portaria516/2026 Tabela05.1 item1,F2145300e1a01,"Total_tabela=emolumento+2% atos gratuitos/PMCMV. Somar fundos legais, selo3,27, eventual distribuição e ISS municipal.",0
ES_ESCRITURA_001,ES,ESCRITURA,0,2500,145.76,99.72,0,245.48,False,FAIXA_FIXA_NAO_PROGRESSIVA,2026-01-01,,TRANSCRITO_CONFERIDO,False,PENDENTE_LEI_MUNICIPAL,Tabela 07 item IV-B,F9beca8d816ab,"Inclui processamento de dados: emolumento 8,89 e fundos 2,21. Fundos_taxas agrega FARPEN, FUNEPJ, FADESPES, FUNEMP e FUNCAD. ISS não incluído; aplicar apenas onde houver lei municipal e sobre a base local validada.",0
ES_ESCRITURA_002,ES,ESCRITURA,2500.01,5000,205.65,114.71,0,320.36,False,FAIXA_FIXA_NAO_PROGRESSIVA,2026-01-01,,TRANSCRITO_CONFERIDO,False,PENDENTE_LEI_MUNICIPAL,Tabela 07 item IV-B,F9beca8d816ab,"Inclui processamento de dados: emolumento 8,89 e fundos 2,21. Fundos_taxas agrega FARPEN, FUNEPJ, FADESPES, FUNEMP e FUNCAD. ISS não incluído; aplicar apenas onde houver lei municipal e sobre a base local validada.",0
ES_ESCRITURA_003,ES,ESCRITURA,5000.01,10000,333.98,146.77,0,480.75,False,FAIXA_FIXA_NAO_PROGRESSIVA,2026-01-01,,TRANSCRITO_CONFERIDO,False,PENDENTE_LEI_MUNICIPAL,Tabela 07 item IV-B,F9beca8d816ab,"Inclui processamento de dados: emolumento 8,89 e fundos 2,21. Fundos_taxas agrega FARPEN, FUNEPJ, FADESPES, FUNEMP e FUNCAD. ISS não incluído; aplicar apenas onde houver lei municipal e sobre a base local validada.",0
ES_ESCRITURA_004,ES,ESCRITURA,10000.01,15000,505.08,189.56,0,694.64,False,FAIXA_FIXA_NAO_PROGRESSIVA,2026-01-01,,TRANSCRITO_CONFERIDO,False,PENDENTE_LEI_MUNICIPAL,Tabela 07 item IV-B,F9beca8d816ab,"Inclui processamento de dados: emolumento 8,89 e fundos 2,21. Fundos_taxas agrega FARPEN, FUNEPJ, FADESPES, FUNEMP e FUNCAD. ISS não incluído; aplicar apenas onde houver lei municipal e sobre a base local validada.",0
ES_ESCRITURA_005,ES,ESCRITURA,15000.01,20000,676.18,232.32,0,908.5,False,FAIXA_FIXA_NAO_PROGRESSIVA,2026-01-01,,TRANSCRITO_CONFERIDO,False,PENDENTE_LEI_MUNICIPAL,Tabela 07 item IV-B,F9beca8d816ab,"Inclui processamento de dados: emolumento 8,89 e fundos 2,21. Fundos_taxas agrega FARPEN, FUNEPJ, FADESPES, FUNEMP e FUNCAD. ISS não incluído; aplicar apenas onde houver lei municipal e sobre a base local validada.",0
ES_ESCRITURA_006,ES,ESCRITURA,20000.01,25000,847.27,275.11,0,1122.38,False,FAIXA_FIXA_NAO_PROGRESSIVA,2026-01-01,,TRANSCRITO_CONFERIDO,False,PENDENTE_LEI_MUNICIPAL,Tabela 07 item IV-B,F9beca8d816ab,"Inclui processamento de dados: emolumento 8,89 e fundos 2,21. Fundos_taxas agrega FARPEN, FUNEPJ, FADESPES, FUNEMP e FUNCAD. ISS não incluído; aplicar apenas onde houver lei municipal e sobre a base local validada.",0
ES_ESCRITURA_007,ES,ESCRITURA,25000.01,30000,1018.37,317.87,0,1336.24,False,FAIXA_FIXA_NAO_PROGRESSIVA,2026-01-01,,TRANSCRITO_CONFERIDO,False,PENDENTE_LEI_MUNICIPAL,Tabela 07 item IV-B,F9beca8d816ab,"Inclui processamento de dados: emolumento 8,89 e fundos 2,21. Fundos_taxas agrega FARPEN, FUNEPJ, FADESPES, FUNEMP e FUNCAD. ISS não incluído; aplicar apenas onde houver lei municipal e sobre a base local validada.",0
ES_ESCRITURA_008,ES,ESCRITURA,30000.01,35000,1189.46,360.66,0,1550.12,False,FAIXA_FIXA_NAO_PROGRESSIVA,2026-01-01,,TRANSCRITO_CONFERIDO,False,PENDENTE_LEI_MUNICIPAL,Tabela 07 item IV-B,F9beca8d816ab,"Inclui processamento de dados: emolumento 8,89 e fundos 2,21. Fundos_taxas agrega FARPEN, FUNEPJ, FADESPES, FUNEMP e FUNCAD. ISS não incluído; aplicar apenas onde houver lei municipal e sobre a base local validada.",0
ES_ESCRITURA_009,ES,ESCRITURA,35000.01,40000,1360.58,403.42,0,1764,False,FAIXA_FIXA_NAO_PROGRESSIVA,2026-01-01,,TRANSCRITO_CONFERIDO,False,PENDENTE_LEI_MUNICIPAL,Tabela 07 item IV-B,F9beca8d816ab,"Inclui processamento de dados: emolumento 8,89 e fundos 2,21. Fundos_taxas agrega FARPEN, FUNEPJ, FADESPES, FUNEMP e FUNCAD. ISS não incluído; aplicar apenas onde houver lei municipal e sobre a base local validada.",0
ES_ESCRITURA_010,ES,ESCRITURA,40000.01,45000,1531.66,446.21,0,1977.87,False,FAIXA_FIXA_NAO_PROGRESSIVA,2026-01-01,,TRANSCRITO_CONFERIDO,False,PENDENTE_LEI_MUNICIPAL,Tabela 07 item IV-B,F9beca8d816ab,"Inclui processamento de dados: emolumento 8,89 e fundos 2,21. Fundos_taxas agrega FARPEN, FUNEPJ, FADESPES, FUNEMP e FUNCAD. ISS não incluído; aplicar apenas onde houver lei municipal e sobre a base local validada.",0
ES_ESCRITURA_011,ES,ESCRITURA,45000.01,50000,1702.76,488.97,0,2191.73,False,FAIXA_FIXA_NAO_PROGRESSIVA,2026-01-01,,TRANSCRITO_CONFERIDO,False,PENDENTE_LEI_MUNICIPAL,Tabela 07 item IV-B,F9beca8d816ab,"Inclui processamento de dados: emolumento 8,89 e fundos 2,21. Fundos_taxas agrega FARPEN, FUNEPJ, FADESPES, FUNEMP e FUNCAD. ISS não incluído; aplicar apenas onde houver lei municipal e sobre a base local validada.",0
ES_ESCRITURA_012,ES,ESCRITURA,50000.01,55000,1873.87,531.76,0,2405.63,False,FAIXA_FIXA_NAO_PROGRESSIVA,2026-01-01,,TRANSCRITO_CONFERIDO,False,PENDENTE_LEI_MUNICIPAL,Tabela 07 item IV-B,F9beca8d816ab,"Inclui processamento de dados: emolumento 8,89 e fundos 2,21. Fundos_taxas agrega FARPEN, FUNEPJ, FADESPES, FUNEMP e FUNCAD. ISS não incluído; aplicar apenas onde houver lei municipal e sobre a base local validada.",0
ES_ESCRITURA_013,ES,ESCRITURA,55000.01,60000,2044.96,574.52,0,2619.48,False,FAIXA_FIXA_NAO_PROGRESSIVA,2026-01-01,,TRANSCRITO_CONFERIDO,False,PENDENTE_LEI_MUNICIPAL,Tabela 07 item IV-B,F9beca8d816ab,"Inclui processamento de dados: emolumento 8,89 e fundos 2,21. Fundos_taxas agrega FARPEN, FUNEPJ, FADESPES, FUNEMP e FUNCAD. ISS não incluído; aplicar apenas onde houver lei municipal e sobre a base local validada.",0
ES_ESCRITURA_014,ES,ESCRITURA,60000.01,65000,2216.06,617.31,0,2833.37,False,FAIXA_FIXA_NAO_PROGRESSIVA,2026-01-01,,TRANSCRITO_CONFERIDO,False,PENDENTE_LEI_MUNICIPAL,Tabela 07 item IV-B,F9beca8d816ab,"Inclui processamento de dados: emolumento 8,89 e fundos 2,21. Fundos_taxas agrega FARPEN, FUNEPJ, FADESPES, FUNEMP e FUNCAD. ISS não incluído; aplicar apenas onde houver lei municipal e sobre a base local validada.",0
ES_ESCRITURA_015,ES,ESCRITURA,65000.01,70000,2387.15,660.07,0,3047.22,False,FAIXA_FIXA_NAO_PROGRESSIVA,2026-01-01,,TRANSCRITO_CONFERIDO,False,PENDENTE_LEI_MUNICIPAL,Tabela 07 item IV-B,F9beca8d816ab,"Inclui processamento de dados: emolumento 8,89 e fundos 2,21. Fundos_taxas agrega FARPEN, FUNEPJ, FADESPES, FUNEMP e FUNCAD. ISS não incluído; aplicar apenas onde houver lei municipal e sobre a base local validada.",0
ES_ESCRITURA_016,ES,ESCRITURA,70000.01,75000,2558.24,702.86,0,3261.1,False,FAIXA_FIXA_NAO_PROGRESSIVA,2026-01-01,,TRANSCRITO_CONFERIDO,False,PENDENTE_LEI_MUNICIPAL,Tabela 07 item IV-B,F9beca8d816ab,"Inclui processamento de dados: emolumento 8,89 e fundos 2,21. Fundos_taxas agrega FARPEN, FUNEPJ, FADESPES, FUNEMP e FUNCAD. ISS não incluído; aplicar apenas onde houver lei municipal e sobre a base local validada.",0
ES_ESCRITURA_017,ES,ESCRITURA,75000.01,80000,2729.35,745.62,0,3474.97,False,FAIXA_FIXA_NAO_PROGRESSIVA,2026-01-01,,TRANSCRITO_CONFERIDO,False,PENDENTE_LEI_MUNICIPAL,Tabela 07 item IV-B,F9beca8d816ab,"Inclui processamento de dados: emolumento 8,89 e fundos 2,21. Fundos_taxas agrega FARPEN, FUNEPJ, FADESPES, FUNEMP e FUNCAD. ISS não incluído; aplicar apenas onde houver lei municipal e sobre a base local validada.",0
ES_ESCRITURA_018,ES,ESCRITURA,80000.01,85000,2900.43,788.4,0,3688.83,False,FAIXA_FIXA_NAO_PROGRESSIVA,2026-01-01,,TRANSCRITO_CONFERIDO,False,PENDENTE_LEI_MUNICIPAL,Tabela 07 item IV-B,F9beca8d816ab,"Inclui processamento de dados: emolumento 8,89 e fundos 2,21. Fundos_taxas agrega FARPEN, FUNEPJ, FADESPES, FUNEMP e FUNCAD. ISS não incluído; aplicar apenas onde houver lei municipal e sobre a base local validada.",0
ES_ESCRITURA_019,ES,ESCRITURA,85000.01,90000,3071.55,831.17,0,3902.72,False,FAIXA_FIXA_NAO_PROGRESSIVA,2026-01-01,,TRANSCRITO_CONFERIDO,False,PENDENTE_LEI_MUNICIPAL,Tabela 07 item IV-B,F9beca8d816ab,"Inclui processamento de dados: emolumento 8,89 e fundos 2,21. Fundos_taxas agrega FARPEN, FUNEPJ, FADESPES, FUNEMP e FUNCAD. ISS não incluído; aplicar apenas onde houver lei municipal e sobre a base local validada.",0
ES_ESCRITURA_020,ES,ESCRITURA,90000.01,95000,3242.64,873.96,0,4116.6,False,FAIXA_FIXA_NAO_PROGRESSIVA,2026-01-01,,TRANSCRITO_CONFERIDO,False,PENDENTE_LEI_MUNICIPAL,Tabela 07 item IV-B,F9beca8d816ab,"Inclui processamento de dados: emolumento 8,89 e fundos 2,21. Fundos_taxas agrega FARPEN, FUNEPJ, FADESPES, FUNEMP e FUNCAD. ISS não incluído; aplicar apenas onde houver lei municipal e sobre a base local validada.",0
ES_ESCRITURA_021,ES,ESCRITURA,95000.01,100000,3413.73,916.71,0,4330.44,False,FAIXA_FIXA_NAO_PROGRESSIVA,2026-01-01,,TRANSCRITO_CONFERIDO,False,PENDENTE_LEI_MUNICIPAL,Tabela 07 item IV-B,F9beca8d816ab,"Inclui processamento de dados: emolumento 8,89 e fundos 2,21. Fundos_taxas agrega FARPEN, FUNEPJ, FADESPES, FUNEMP e FUNCAD. ISS não incluído; aplicar apenas onde houver lei municipal e sobre a base local validada.",0
ES_ESCRITURA_022,ES,ESCRITURA,100000.01,105000,3584.84,959.51,0,4544.35,False,FAIXA_FIXA_NAO_PROGRESSIVA,2026-01-01,,TRANSCRITO_CONFERIDO,False,PENDENTE_LEI_MUNICIPAL,Tabela 07 item IV-B,F9beca8d816ab,"Inclui processamento de dados: emolumento 8,89 e fundos 2,21. Fundos_taxas agrega FARPEN, FUNEPJ, FADESPES, FUNEMP e FUNCAD. ISS não incluído; aplicar apenas onde houver lei municipal e sobre a base local validada.",0
ES_ESCRITURA_023,ES,ESCRITURA,105000.01,110000,3755.93,1002.26,0,4758.19,False,FAIXA_FIXA_NAO_PROGRESSIVA,2026-01-01,,TRANSCRITO_CONFERIDO,False,PENDENTE_LEI_MUNICIPAL,Tabela 07 item IV-B,F9beca8d816ab,"Inclui processamento de dados: emolumento 8,89 e fundos 2,21. Fundos_taxas agrega FARPEN, FUNEPJ, FADESPES, FUNEMP e FUNCAD. ISS não incluído; aplicar apenas onde houver lei municipal e sobre a base local validada.",0
ES_ESCRITURA_024,ES,ESCRITURA,110000.01,115000,3927.02,1045.05,0,4972.07,False,FAIXA_FIXA_NAO_PROGRESSIVA,2026-01-01,,TRANSCRITO_CONFERIDO,False,PENDENTE_LEI_MUNICIPAL,Tabela 07 item IV-B,F9beca8d816ab,"Inclui processamento de dados: emolumento 8,89 e fundos 2,21. Fundos_taxas agrega FARPEN, FUNEPJ, FADESPES, FUNEMP e FUNCAD. ISS não incluído; aplicar apenas onde houver lei municipal e sobre a base local validada.",0
ES_ESCRITURA_025,ES,ESCRITURA,115000.01,120000,4098.12,1087.81,0,5185.93,False,FAIXA_FIXA_NAO_PROGRESSIVA,2026-01-01,,TRANSCRITO_CONFERIDO,False,PENDENTE_LEI_MUNICIPAL,Tabela 07 item IV-B,F9beca8d816ab,"Inclui processamento de dados: emolumento 8,89 e fundos 2,21. Fundos_taxas agrega FARPEN, FUNEPJ, FADESPES, FUNEMP e FUNCAD. ISS não incluído; aplicar apenas onde houver lei municipal e sobre a base local validada.",0
ES_ESCRITURA_026,ES,ESCRITURA,120000.01,125000,4269.22,1130.6,0,5399.82,False,FAIXA_FIXA_NAO_PROGRESSIVA,2026-01-01,,TRANSCRITO_CONFERIDO,False,PENDENTE_LEI_MUNICIPAL,Tabela 07 item IV-B,F9beca8d816ab,"Inclui processamento de dados: emolumento 8,89 e fundos 2,21. Fundos_taxas agrega FARPEN, FUNEPJ, FADESPES, FUNEMP e FUNCAD. ISS não incluído; aplicar apenas onde houver lei municipal e sobre a base local validada.",0
ES_ESCRITURA_027,ES,ESCRITURA,125000.01,130000,4440.31,1173.36,0,5613.67,False,FAIXA_FIXA_NAO_PROGRESSIVA,2026-01-01,,TRANSCRITO_CONFERIDO,False,PENDENTE_LEI_MUNICIPAL,Tabela 07 item IV-B,F9beca8d816ab,"Inclui processamento de dados: emolumento 8,89 e fundos 2,21. Fundos_taxas agrega FARPEN, FUNEPJ, FADESPES, FUNEMP e FUNCAD. ISS não incluído; aplicar apenas onde houver lei municipal e sobre a base local validada.",0
ES_ESCRITURA_028,ES,ESCRITURA,130000.01,140000,4696.95,1237.52,0,5934.47,False,FAIXA_FIXA_NAO_PROGRESSIVA,2026-01-01,,TRANSCRITO_CONFERIDO,False,PENDENTE_LEI_MUNICIPAL,Tabela 07 item IV-B,F9beca8d816ab,"Inclui processamento de dados: emolumento 8,89 e fundos 2,21. Fundos_taxas agrega FARPEN, FUNEPJ, FADESPES, FUNEMP e FUNCAD. ISS não incluído; aplicar apenas onde houver lei municipal e sobre a base local validada.",0
ES_ESCRITURA_029,ES,ESCRITURA,140000.01,150000,5039.16,1323.07,0,6362.23,False,FAIXA_FIXA_NAO_PROGRESSIVA,2026-01-01,,TRANSCRITO_CONFERIDO,False,PENDENTE_LEI_MUNICIPAL,Tabela 07 item IV-B,F9beca8d816ab,"Inclui processamento de dados: emolumento 8,89 e fundos 2,21. Fundos_taxas agrega FARPEN, FUNEPJ, FADESPES, FUNEMP e FUNCAD. ISS não incluído; aplicar apenas onde houver lei municipal e sobre a base local validada.",0
ES_ESCRITURA_030,ES,ESCRITURA,150000.01,160000,5381.36,1408.62,0,6789.98,False,FAIXA_FIXA_NAO_PROGRESSIVA,2026-01-01,,TRANSCRITO_CONFERIDO,False,PENDENTE_LEI_MUNICIPAL,Tabela 07 item IV-B,F9beca8d816ab,"Inclui processamento de dados: emolumento 8,89 e fundos 2,21. Fundos_taxas agrega FARPEN, FUNEPJ, FADESPES, FUNEMP e FUNCAD. ISS não incluído; aplicar apenas onde houver lei municipal e sobre a base local validada.",0
ES_ESCRITURA_031,ES,ESCRITURA,160000.01,170000,5723.55,1494.17,0,7217.72,False,FAIXA_FIXA_NAO_PROGRESSIVA,2026-01-01,,TRANSCRITO_CONFERIDO,False,PENDENTE_LEI_MUNICIPAL,Tabela 07 item IV-B,F9beca8d816ab,"Inclui processamento de dados: emolumento 8,89 e fundos 2,21. Fundos_taxas agrega FARPEN, FUNEPJ, FADESPES, FUNEMP e FUNCAD. ISS não incluído; aplicar apenas onde houver lei municipal e sobre a base local validada.",0
ES_ESCRITURA_032,ES,ESCRITURA,170000.01,180000,6065.73,1579.71,0,7645.44,False,FAIXA_FIXA_NAO_PROGRESSIVA,2026-01-01,,TRANSCRITO_CONFERIDO,False,PENDENTE_LEI_MUNICIPAL,Tabela 07 item IV-B,F9beca8d816ab,"Inclui processamento de dados: emolumento 8,89 e fundos 2,21. Fundos_taxas agrega FARPEN, FUNEPJ, FADESPES, FUNEMP e FUNCAD. ISS não incluído; aplicar apenas onde houver lei municipal e sobre a base local validada.",0
ES_ESCRITURA_033,ES,ESCRITURA,180000.01,200000,6579.05,1708.06,0,8287.11,False,FAIXA_FIXA_NAO_PROGRESSIVA,2026-01-01,,TRANSCRITO_CONFERIDO,False,PENDENTE_LEI_MUNICIPAL,Tabela 07 item IV-B,F9beca8d816ab,"Inclui processamento de dados: emolumento 8,89 e fundos 2,21. Fundos_taxas agrega FARPEN, FUNEPJ, FADESPES, FUNEMP e FUNCAD. ISS não incluído; aplicar apenas onde houver lei municipal e sobre a base local validada.",0
ES_ESCRITURA_034,ES,ESCRITURA,200000.01,,7263.41,1879.15,0,9142.56,False,FAIXA_FIXA_NAO_PROGRESSIVA,2026-01-01,,TRANSCRITO_CONFERIDO,False,PENDENTE_LEI_MUNICIPAL,Tabela 07 item IV-B,F9beca8d816ab,"Inclui processamento de dados: emolumento 8,89 e fundos 2,21. Fundos_taxas agrega FARPEN, FUNEPJ, FADESPES, FUNEMP e FUNCAD. ISS não incluído; aplicar apenas onde houver lei municipal e sobre a base local validada.",0
ES_REGISTRO_001,ES,REGISTRO,0,1000,98.73,67.39,0,166.12,False,FAIXA_FIXA_NAO_PROGRESSIVA,2026-01-01,,TRANSCRITO_CONFERIDO,False,PENDENTE_LEI_MUNICIPAL,Tabela 11 item I-B,F9beca8d816ab,"Inclui processamento de dados: emolumento 8,89 e fundos 2,21. Fundos_taxas agrega FARPEN, FUNEPJ, FADESPES, FUNEMP e FUNCAD. ISS não incluído; aplicar apenas onde houver lei municipal e sobre a base local validada.",0
ES_REGISTRO_002,ES,REGISTRO,1000.01,3000,120.1,72.74,0,192.84,False,FAIXA_FIXA_NAO_PROGRESSIVA,2026-01-01,,TRANSCRITO_CONFERIDO,False,PENDENTE_LEI_MUNICIPAL,Tabela 11 item I-B,F9beca8d816ab,"Inclui processamento de dados: emolumento 8,89 e fundos 2,21. Fundos_taxas agrega FARPEN, FUNEPJ, FADESPES, FUNEMP e FUNCAD. ISS não incluído; aplicar apenas onde houver lei municipal e sobre a base local validada.",0
ES_REGISTRO_003,ES,REGISTRO,3000.01,5000,162.87,83.44,0,246.31,False,FAIXA_FIXA_NAO_PROGRESSIVA,2026-01-01,,TRANSCRITO_CONFERIDO,False,PENDENTE_LEI_MUNICIPAL,Tabela 11 item I-B,F9beca8d816ab,"Inclui processamento de dados: emolumento 8,89 e fundos 2,21. Fundos_taxas agrega FARPEN, FUNEPJ, FADESPES, FUNEMP e FUNCAD. ISS não incluído; aplicar apenas onde houver lei municipal e sobre a base local validada.",0
ES_REGISTRO_004,ES,REGISTRO,5000.01,10000,237.73,102.14,0,339.87,False,FAIXA_FIXA_NAO_PROGRESSIVA,2026-01-01,,TRANSCRITO_CONFERIDO,False,PENDENTE_LEI_MUNICIPAL,Tabela 11 item I-B,F9beca8d816ab,"Inclui processamento de dados: emolumento 8,89 e fundos 2,21. Fundos_taxas agrega FARPEN, FUNEPJ, FADESPES, FUNEMP e FUNCAD. ISS não incluído; aplicar apenas onde houver lei municipal e sobre a base local validada.",0
ES_REGISTRO_005,ES,REGISTRO,10000.01,15000,344.66,128.89,0,473.55,False,FAIXA_FIXA_NAO_PROGRESSIVA,2026-01-01,,TRANSCRITO_CONFERIDO,False,PENDENTE_LEI_MUNICIPAL,Tabela 11 item I-B,F9beca8d816ab,"Inclui processamento de dados: emolumento 8,89 e fundos 2,21. Fundos_taxas agrega FARPEN, FUNEPJ, FADESPES, FUNEMP e FUNCAD. ISS não incluído; aplicar apenas onde houver lei municipal e sobre a base local validada.",0
ES_REGISTRO_006,ES,REGISTRO,15000.01,20000,451.62,155.63,0,607.25,False,FAIXA_FIXA_NAO_PROGRESSIVA,2026-01-01,,TRANSCRITO_CONFERIDO,False,PENDENTE_LEI_MUNICIPAL,Tabela 11 item I-B,F9beca8d816ab,"Inclui processamento de dados: emolumento 8,89 e fundos 2,21. Fundos_taxas agrega FARPEN, FUNEPJ, FADESPES, FUNEMP e FUNCAD. ISS não incluído; aplicar apenas onde houver lei municipal e sobre a base local validada.",0
ES_REGISTRO_007,ES,REGISTRO,20000.01,25000,558.54,182.35,0,740.89,False,FAIXA_FIXA_NAO_PROGRESSIVA,2026-01-01,,TRANSCRITO_CONFERIDO,False,PENDENTE_LEI_MUNICIPAL,Tabela 11 item I-B,F9beca8d816ab,"Inclui processamento de dados: emolumento 8,89 e fundos 2,21. Fundos_taxas agrega FARPEN, FUNEPJ, FADESPES, FUNEMP e FUNCAD. ISS não incluído; aplicar apenas onde houver lei municipal e sobre a base local validada.",0
ES_REGISTRO_008,ES,REGISTRO,25000.01,30000,665.47,209.09,0,874.56,False,FAIXA_FIXA_NAO_PROGRESSIVA,2026-01-01,,TRANSCRITO_CONFERIDO,False,PENDENTE_LEI_MUNICIPAL,Tabela 11 item I-B,F9beca8d816ab,"Inclui processamento de dados: emolumento 8,89 e fundos 2,21. Fundos_taxas agrega FARPEN, FUNEPJ, FADESPES, FUNEMP e FUNCAD. ISS não incluído; aplicar apenas onde houver lei municipal e sobre a base local validada.",0
ES_REGISTRO_009,ES,REGISTRO,30000.01,35000,772.41,235.83,0,1008.24,False,FAIXA_FIXA_NAO_PROGRESSIVA,2026-01-01,,TRANSCRITO_CONFERIDO,False,PENDENTE_LEI_MUNICIPAL,Tabela 11 item I-B,F9beca8d816ab,"Inclui processamento de dados: emolumento 8,89 e fundos 2,21. Fundos_taxas agrega FARPEN, FUNEPJ, FADESPES, FUNEMP e FUNCAD. ISS não incluído; aplicar apenas onde houver lei municipal e sobre a base local validada.",0
ES_REGISTRO_010,ES,REGISTRO,35000.01,40000,879.34,262.55,0,1141.89,False,FAIXA_FIXA_NAO_PROGRESSIVA,2026-01-01,,TRANSCRITO_CONFERIDO,False,PENDENTE_LEI_MUNICIPAL,Tabela 11 item I-B,F9beca8d816ab,"Inclui processamento de dados: emolumento 8,89 e fundos 2,21. Fundos_taxas agrega FARPEN, FUNEPJ, FADESPES, FUNEMP e FUNCAD. ISS não incluído; aplicar apenas onde houver lei municipal e sobre a base local validada.",0
ES_REGISTRO_011,ES,REGISTRO,40000.01,45000,986.28,289.29,0,1275.57,False,FAIXA_FIXA_NAO_PROGRESSIVA,2026-01-01,,TRANSCRITO_CONFERIDO,False,PENDENTE_LEI_MUNICIPAL,Tabela 11 item I-B,F9beca8d816ab,"Inclui processamento de dados: emolumento 8,89 e fundos 2,21. Fundos_taxas agrega FARPEN, FUNEPJ, FADESPES, FUNEMP e FUNCAD. ISS não incluído; aplicar apenas onde houver lei municipal e sobre a base local validada.",0
ES_REGISTRO_012,ES,REGISTRO,45000.01,50000,1093.21,316.03,0,1409.24,False,FAIXA_FIXA_NAO_PROGRESSIVA,2026-01-01,,TRANSCRITO_CONFERIDO,False,PENDENTE_LEI_MUNICIPAL,Tabela 11 item I-B,F9beca8d816ab,"Inclui processamento de dados: emolumento 8,89 e fundos 2,21. Fundos_taxas agrega FARPEN, FUNEPJ, FADESPES, FUNEMP e FUNCAD. ISS não incluído; aplicar apenas onde houver lei municipal e sobre a base local validada.",0
ES_REGISTRO_013,ES,REGISTRO,50000.01,55000,1200.15,342.75,0,1542.9,False,FAIXA_FIXA_NAO_PROGRESSIVA,2026-01-01,,TRANSCRITO_CONFERIDO,False,PENDENTE_LEI_MUNICIPAL,Tabela 11 item I-B,F9beca8d816ab,"Inclui processamento de dados: emolumento 8,89 e fundos 2,21. Fundos_taxas agrega FARPEN, FUNEPJ, FADESPES, FUNEMP e FUNCAD. ISS não incluído; aplicar apenas onde houver lei municipal e sobre a base local validada.",0
ES_REGISTRO_014,ES,REGISTRO,55000.01,60000,1307.1,369.49,0,1676.59,False,FAIXA_FIXA_NAO_PROGRESSIVA,2026-01-01,,TRANSCRITO_CONFERIDO,False,PENDENTE_LEI_MUNICIPAL,Tabela 11 item I-B,F9beca8d816ab,"Inclui processamento de dados: emolumento 8,89 e fundos 2,21. Fundos_taxas agrega FARPEN, FUNEPJ, FADESPES, FUNEMP e FUNCAD. ISS não incluído; aplicar apenas onde houver lei municipal e sobre a base local validada.",0
ES_REGISTRO_015,ES,REGISTRO,60000.01,65000,1414.03,396.23,0,1810.26,False,FAIXA_FIXA_NAO_PROGRESSIVA,2026-01-01,,TRANSCRITO_CONFERIDO,False,PENDENTE_LEI_MUNICIPAL,Tabela 11 item I-B,F9beca8d816ab,"Inclui processamento de dados: emolumento 8,89 e fundos 2,21. Fundos_taxas agrega FARPEN, FUNEPJ, FADESPES, FUNEMP e FUNCAD. ISS não incluído; aplicar apenas onde houver lei municipal e sobre a base local validada.",0
ES_REGISTRO_016,ES,REGISTRO,65000.01,70000,1520.97,422.95,0,1943.92,False,FAIXA_FIXA_NAO_PROGRESSIVA,2026-01-01,,TRANSCRITO_CONFERIDO,False,PENDENTE_LEI_MUNICIPAL,Tabela 11 item I-B,F9beca8d816ab,"Inclui processamento de dados: emolumento 8,89 e fundos 2,21. Fundos_taxas agrega FARPEN, FUNEPJ, FADESPES, FUNEMP e FUNCAD. ISS não incluído; aplicar apenas onde houver lei municipal e sobre a base local validada.",0
ES_REGISTRO_017,ES,REGISTRO,70000.01,75000,1627.91,449.69,0,2077.6,False,FAIXA_FIXA_NAO_PROGRESSIVA,2026-01-01,,TRANSCRITO_CONFERIDO,False,PENDENTE_LEI_MUNICIPAL,Tabela 11 item I-B,F9beca8d816ab,"Inclui processamento de dados: emolumento 8,89 e fundos 2,21. Fundos_taxas agrega FARPEN, FUNEPJ, FADESPES, FUNEMP e FUNCAD. ISS não incluído; aplicar apenas onde houver lei municipal e sobre a base local validada.",0
ES_REGISTRO_018,ES,REGISTRO,75000.01,80000,1734.83,476.43,0,2211.26,False,FAIXA_FIXA_NAO_PROGRESSIVA,2026-01-01,,TRANSCRITO_CONFERIDO,False,PENDENTE_LEI_MUNICIPAL,Tabela 11 item I-B,F9beca8d816ab,"Inclui processamento de dados: emolumento 8,89 e fundos 2,21. Fundos_taxas agrega FARPEN, FUNEPJ, FADESPES, FUNEMP e FUNCAD. ISS não incluído; aplicar apenas onde houver lei municipal e sobre a base local validada.",0
ES_REGISTRO_019,ES,REGISTRO,80000.01,85000,1841.77,503.15,0,2344.92,False,FAIXA_FIXA_NAO_PROGRESSIVA,2026-01-01,,TRANSCRITO_CONFERIDO,False,PENDENTE_LEI_MUNICIPAL,Tabela 11 item I-B,F9beca8d816ab,"Inclui processamento de dados: emolumento 8,89 e fundos 2,21. Fundos_taxas agrega FARPEN, FUNEPJ, FADESPES, FUNEMP e FUNCAD. ISS não incluído; aplicar apenas onde houver lei municipal e sobre a base local validada.",0
ES_REGISTRO_020,ES,REGISTRO,85000.01,90000,1948.7,529.89,0,2478.59,False,FAIXA_FIXA_NAO_PROGRESSIVA,2026-01-01,,TRANSCRITO_CONFERIDO,False,PENDENTE_LEI_MUNICIPAL,Tabela 11 item I-B,F9beca8d816ab,"Inclui processamento de dados: emolumento 8,89 e fundos 2,21. Fundos_taxas agrega FARPEN, FUNEPJ, FADESPES, FUNEMP e FUNCAD. ISS não incluído; aplicar apenas onde houver lei municipal e sobre a base local validada.",0
ES_REGISTRO_021,ES,REGISTRO,90000.01,95000,2055.65,556.63,0,2612.28,False,FAIXA_FIXA_NAO_PROGRESSIVA,2026-01-01,,TRANSCRITO_CONFERIDO,False,PENDENTE_LEI_MUNICIPAL,Tabela 11 item I-B,F9beca8d816ab,"Inclui processamento de dados: emolumento 8,89 e fundos 2,21. Fundos_taxas agrega FARPEN, FUNEPJ, FADESPES, FUNEMP e FUNCAD. ISS não incluído; aplicar apenas onde houver lei municipal e sobre a base local validada.",0
ES_REGISTRO_022,ES,REGISTRO,95000.01,100000,2162.58,583.35,0,2745.93,False,FAIXA_FIXA_NAO_PROGRESSIVA,2026-01-01,,TRANSCRITO_CONFERIDO,False,PENDENTE_LEI_MUNICIPAL,Tabela 11 item I-B,F9beca8d816ab,"Inclui processamento de dados: emolumento 8,89 e fundos 2,21. Fundos_taxas agrega FARPEN, FUNEPJ, FADESPES, FUNEMP e FUNCAD. ISS não incluído; aplicar apenas onde houver lei municipal e sobre a base local validada.",0
ES_REGISTRO_023,ES,REGISTRO,100000.01,105000,2269.5,610.09,0,2879.59,False,FAIXA_FIXA_NAO_PROGRESSIVA,2026-01-01,,TRANSCRITO_CONFERIDO,False,PENDENTE_LEI_MUNICIPAL,Tabela 11 item I-B,F9beca8d816ab,"Inclui processamento de dados: emolumento 8,89 e fundos 2,21. Fundos_taxas agrega FARPEN, FUNEPJ, FADESPES, FUNEMP e FUNCAD. ISS não incluído; aplicar apenas onde houver lei municipal e sobre a base local validada.",0
ES_REGISTRO_024,ES,REGISTRO,105000.01,110000,2376.46,636.84,0,3013.3,False,FAIXA_FIXA_NAO_PROGRESSIVA,2026-01-01,,TRANSCRITO_CONFERIDO,False,PENDENTE_LEI_MUNICIPAL,Tabela 11 item I-B,F9beca8d816ab,"Inclui processamento de dados: emolumento 8,89 e fundos 2,21. Fundos_taxas agrega FARPEN, FUNEPJ, FADESPES, FUNEMP e FUNCAD. ISS não incluído; aplicar apenas onde houver lei municipal e sobre a base local validada.",0
ES_REGISTRO_025,ES,REGISTRO,110000.01,115000,2483.38,663.54,0,3146.92,False,FAIXA_FIXA_NAO_PROGRESSIVA,2026-01-01,,TRANSCRITO_CONFERIDO,False,PENDENTE_LEI_MUNICIPAL,Tabela 11 item I-B,F9beca8d816ab,"Inclui processamento de dados: emolumento 8,89 e fundos 2,21. Fundos_taxas agrega FARPEN, FUNEPJ, FADESPES, FUNEMP e FUNCAD. ISS não incluído; aplicar apenas onde houver lei municipal e sobre a base local validada.",0
ES_REGISTRO_026,ES,REGISTRO,115000.01,120000,2590.33,690.29,0,3280.62,False,FAIXA_FIXA_NAO_PROGRESSIVA,2026-01-01,,TRANSCRITO_CONFERIDO,False,PENDENTE_LEI_MUNICIPAL,Tabela 11 item I-B,F9beca8d816ab,"Inclui processamento de dados: emolumento 8,89 e fundos 2,21. Fundos_taxas agrega FARPEN, FUNEPJ, FADESPES, FUNEMP e FUNCAD. ISS não incluído; aplicar apenas onde houver lei municipal e sobre a base local validada.",0
ES_REGISTRO_027,ES,REGISTRO,120000.01,125000,2697.24,717.04,0,3414.28,False,FAIXA_FIXA_NAO_PROGRESSIVA,2026-01-01,,TRANSCRITO_CONFERIDO,False,PENDENTE_LEI_MUNICIPAL,Tabela 11 item I-B,F9beca8d816ab,"Inclui processamento de dados: emolumento 8,89 e fundos 2,21. Fundos_taxas agrega FARPEN, FUNEPJ, FADESPES, FUNEMP e FUNCAD. ISS não incluído; aplicar apenas onde houver lei municipal e sobre a base local validada.",0
ES_REGISTRO_028,ES,REGISTRO,125000.01,130000,2804.19,743.78,0,3547.97,False,FAIXA_FIXA_NAO_PROGRESSIVA,2026-01-01,,TRANSCRITO_CONFERIDO,False,PENDENTE_LEI_MUNICIPAL,Tabela 11 item I-B,F9beca8d816ab,"Inclui processamento de dados: emolumento 8,89 e fundos 2,21. Fundos_taxas agrega FARPEN, FUNEPJ, FADESPES, FUNEMP e FUNCAD. ISS não incluído; aplicar apenas onde houver lei municipal e sobre a base local validada.",0
ES_REGISTRO_029,ES,REGISTRO,130000.01,140000,2964.61,783.88,0,3748.49,False,FAIXA_FIXA_NAO_PROGRESSIVA,2026-01-01,,TRANSCRITO_CONFERIDO,False,PENDENTE_LEI_MUNICIPAL,Tabela 11 item I-B,F9beca8d816ab,"Inclui processamento de dados: emolumento 8,89 e fundos 2,21. Fundos_taxas agrega FARPEN, FUNEPJ, FADESPES, FUNEMP e FUNCAD. ISS não incluído; aplicar apenas onde houver lei municipal e sobre a base local validada.",0
ES_REGISTRO_030,ES,REGISTRO,140000.01,150000,3178.47,837.34,0,4015.81,False,FAIXA_FIXA_NAO_PROGRESSIVA,2026-01-01,,TRANSCRITO_CONFERIDO,False,PENDENTE_LEI_MUNICIPAL,Tabela 11 item I-B,F9beca8d816ab,"Inclui processamento de dados: emolumento 8,89 e fundos 2,21. Fundos_taxas agrega FARPEN, FUNEPJ, FADESPES, FUNEMP e FUNCAD. ISS não incluído; aplicar apenas onde houver lei municipal e sobre a base local validada.",0
ES_REGISTRO_031,ES,REGISTRO,150000.01,160000,3392.34,890.8,0,4283.14,False,FAIXA_FIXA_NAO_PROGRESSIVA,2026-01-01,,TRANSCRITO_CONFERIDO,False,PENDENTE_LEI_MUNICIPAL,Tabela 11 item I-B,F9beca8d816ab,"Inclui processamento de dados: emolumento 8,89 e fundos 2,21. Fundos_taxas agrega FARPEN, FUNEPJ, FADESPES, FUNEMP e FUNCAD. ISS não incluído; aplicar apenas onde houver lei municipal e sobre a base local validada.",0
ES_REGISTRO_032,ES,REGISTRO,160000.01,170000,3606.21,944.28,0,4550.49,False,FAIXA_FIXA_NAO_PROGRESSIVA,2026-01-01,,TRANSCRITO_CONFERIDO,False,PENDENTE_LEI_MUNICIPAL,Tabela 11 item I-B,F9beca8d816ab,"Inclui processamento de dados: emolumento 8,89 e fundos 2,21. Fundos_taxas agrega FARPEN, FUNEPJ, FADESPES, FUNEMP e FUNCAD. ISS não incluído; aplicar apenas onde houver lei municipal e sobre a base local validada.",0
ES_REGISTRO_033,ES,REGISTRO,170000.01,180000,3820.09,997.74,0,4817.83,False,FAIXA_FIXA_NAO_PROGRESSIVA,2026-01-01,,TRANSCRITO_CONFERIDO,False,PENDENTE_LEI_MUNICIPAL,Tabela 11 item I-B,F9beca8d816ab,"Inclui processamento de dados: emolumento 8,89 e fundos 2,21. Fundos_taxas agrega FARPEN, FUNEPJ, FADESPES, FUNEMP e FUNCAD. ISS não incluído; aplicar apenas onde houver lei municipal e sobre a base local validada.",0
ES_REGISTRO_034,ES,REGISTRO,180000.01,200000,4140.9,1077.94,0,5218.84,False,FAIXA_FIXA_NAO_PROGRESSIVA,2026-01-01,,TRANSCRITO_CONFERIDO,False,PENDENTE_LEI_MUNICIPAL,Tabela 11 item I-B,F9beca8d816ab,"Inclui processamento de dados: emolumento 8,89 e fundos 2,21. Fundos_taxas agrega FARPEN, FUNEPJ, FADESPES, FUNEMP e FUNCAD. ISS não incluído; aplicar apenas onde houver lei municipal e sobre a base local validada.",0
ES_REGISTRO_035,ES,REGISTRO,200000.01,,4568.62,1184.88,0,5753.5,False,FAIXA_FIXA_NAO_PROGRESSIVA,2026-01-01,,TRANSCRITO_CONFERIDO,False,PENDENTE_LEI_MUNICIPAL,Tabela 11 item I-B,F9beca8d816ab,"Inclui processamento de dados: emolumento 8,89 e fundos 2,21. Fundos_taxas agrega FARPEN, FUNEPJ, FADESPES, FUNEMP e FUNCAD. ISS não incluído; aplicar apenas onde houver lei municipal e sobre a base local validada.",0
RS_ESCRITURA_001,RS,ESCRITURA,0,2481.8,222.8,7.3,0,230.1,False,FAIXA_FIXA_NAO_PROGRESSIVA,2026-01-01,,TRANSCRITO_CONFERIDO,False,PENDENTE_LEI_MUNICIPAL,Tabela Notas item 1.i,Fdd27e04e2f32,"Subtotal inclui processamento eletrônico de dados por ato (R$7,30). ISS municipal e atos acessórios permanecem separados.",0
RS_ESCRITURA_002,RS,ESCRITURA,2481.81,7445.2,252.5,7.3,0,259.8,False,FAIXA_FIXA_NAO_PROGRESSIVA,2026-01-01,,TRANSCRITO_CONFERIDO,False,PENDENTE_LEI_MUNICIPAL,Tabela Notas item 1.i,Fdd27e04e2f32,"Subtotal inclui processamento eletrônico de dados por ato (R$7,30). ISS municipal e atos acessórios permanecem separados.",0
RS_ESCRITURA_003,RS,ESCRITURA,7445.21,12408.7,292.4,7.3,0,299.7,False,FAIXA_FIXA_NAO_PROGRESSIVA,2026-01-01,,TRANSCRITO_CONFERIDO,False,PENDENTE_LEI_MUNICIPAL,Tabela Notas item 1.i,Fdd27e04e2f32,"Subtotal inclui processamento eletrônico de dados por ato (R$7,30). ISS municipal e atos acessórios permanecem separados.",0
RS_ESCRITURA_004,RS,ESCRITURA,12408.71,18612.9,346.1,7.3,0,353.4,False,FAIXA_FIXA_NAO_PROGRESSIVA,2026-01-01,,TRANSCRITO_CONFERIDO,False,PENDENTE_LEI_MUNICIPAL,Tabela Notas item 1.i,Fdd27e04e2f32,"Subtotal inclui processamento eletrônico de dados por ato (R$7,30). ISS municipal e atos acessórios permanecem separados.",0
RS_ESCRITURA_005,RS,ESCRITURA,18612.91,24816.8,395.6,7.3,0,402.9,False,FAIXA_FIXA_NAO_PROGRESSIVA,2026-01-01,,TRANSCRITO_CONFERIDO,False,PENDENTE_LEI_MUNICIPAL,Tabela Notas item 1.i,Fdd27e04e2f32,"Subtotal inclui processamento eletrônico de dados por ato (R$7,30). ISS municipal e atos acessórios permanecem separados.",0
RS_ESCRITURA_006,RS,ESCRITURA,24816.81,37225.2,468.1,7.3,0,475.4,False,FAIXA_FIXA_NAO_PROGRESSIVA,2026-01-01,,TRANSCRITO_CONFERIDO,False,PENDENTE_LEI_MUNICIPAL,Tabela Notas item 1.i,Fdd27e04e2f32,"Subtotal inclui processamento eletrônico de dados por ato (R$7,30). ISS municipal e atos acessórios permanecem separados.",0
RS_ESCRITURA_007,RS,ESCRITURA,37225.21,49633.8,552.7,7.3,0,560,False,FAIXA_FIXA_NAO_PROGRESSIVA,2026-01-01,,TRANSCRITO_CONFERIDO,False,PENDENTE_LEI_MUNICIPAL,Tabela Notas item 1.i,Fdd27e04e2f32,"Subtotal inclui processamento eletrônico de dados por ato (R$7,30). ISS municipal e atos acessórios permanecem separados.",0
RS_ESCRITURA_008,RS,ESCRITURA,49633.81,74451,628.7,7.3,0,636,False,FAIXA_FIXA_NAO_PROGRESSIVA,2026-01-01,,TRANSCRITO_CONFERIDO,False,PENDENTE_LEI_MUNICIPAL,Tabela Notas item 1.i,Fdd27e04e2f32,"Subtotal inclui processamento eletrônico de dados por ato (R$7,30). ISS municipal e atos acessórios permanecem separados.",0
RS_ESCRITURA_009,RS,ESCRITURA,74451.01,99267.8,728.6,7.3,0,735.9,False,FAIXA_FIXA_NAO_PROGRESSIVA,2026-01-01,,TRANSCRITO_CONFERIDO,False,PENDENTE_LEI_MUNICIPAL,Tabela Notas item 1.i,Fdd27e04e2f32,"Subtotal inclui processamento eletrônico de dados por ato (R$7,30). ISS municipal e atos acessórios permanecem separados.",0
RS_ESCRITURA_010,RS,ESCRITURA,99267.81,124085,828.5,7.3,0,835.8,False,FAIXA_FIXA_NAO_PROGRESSIVA,2026-01-01,,TRANSCRITO_CONFERIDO,False,PENDENTE_LEI_MUNICIPAL,Tabela Notas item 1.i,Fdd27e04e2f32,"Subtotal inclui processamento eletrônico de dados por ato (R$7,30). ISS municipal e atos acessórios permanecem separados.",0
RS_ESCRITURA_011,RS,ESCRITURA,124085.01,148901.6,928.1,7.3,0,935.4,False,FAIXA_FIXA_NAO_PROGRESSIVA,2026-01-01,,TRANSCRITO_CONFERIDO,False,PENDENTE_LEI_MUNICIPAL,Tabela Notas item 1.i,Fdd27e04e2f32,"Subtotal inclui processamento eletrônico de dados por ato (R$7,30). ISS municipal e atos acessórios permanecem separados.",0
RS_ESCRITURA_012,RS,ESCRITURA,148901.61,198535.7,1076.7,7.3,0,1084,False,FAIXA_FIXA_NAO_PROGRESSIVA,2026-01-01,,TRANSCRITO_CONFERIDO,False,PENDENTE_LEI_MUNICIPAL,Tabela Notas item 1.i,Fdd27e04e2f32,"Subtotal inclui processamento eletrônico de dados por ato (R$7,30). ISS municipal e atos acessórios permanecem separados.",0
RS_ESCRITURA_013,RS,ESCRITURA,198535.71,248169.5,1277.1,7.3,0,1284.4,False,FAIXA_FIXA_NAO_PROGRESSIVA,2026-01-01,,TRANSCRITO_CONFERIDO,False,PENDENTE_LEI_MUNICIPAL,Tabela Notas item 1.i,Fdd27e04e2f32,"Subtotal inclui processamento eletrônico de dados por ato (R$7,30). ISS municipal e atos acessórios permanecem separados.",0
RS_ESCRITURA_014,RS,ESCRITURA,248169.51,297803.6,1475.8,7.3,0,1483.1,False,FAIXA_FIXA_NAO_PROGRESSIVA,2026-01-01,,TRANSCRITO_CONFERIDO,False,PENDENTE_LEI_MUNICIPAL,Tabela Notas item 1.i,Fdd27e04e2f32,"Subtotal inclui processamento eletrônico de dados por ato (R$7,30). ISS municipal e atos acessórios permanecem separados.",0
RS_ESCRITURA_015,RS,ESCRITURA,297803.61,347437.3,1675.3,7.3,0,1682.6,False,FAIXA_FIXA_NAO_PROGRESSIVA,2026-01-01,,TRANSCRITO_CONFERIDO,False,PENDENTE_LEI_MUNICIPAL,Tabela Notas item 1.i,Fdd27e04e2f32,"Subtotal inclui processamento eletrônico de dados por ato (R$7,30). ISS municipal e atos acessórios permanecem separados.",0
RS_ESCRITURA_016,RS,ESCRITURA,347437.31,397071,1889.8,7.3,0,1897.1,False,FAIXA_FIXA_NAO_PROGRESSIVA,2026-01-01,,TRANSCRITO_CONFERIDO,False,PENDENTE_LEI_MUNICIPAL,Tabela Notas item 1.i,Fdd27e04e2f32,"Subtotal inclui processamento eletrônico de dados por ato (R$7,30). ISS municipal e atos acessórios permanecem separados.",0
RS_ESCRITURA_017,RS,ESCRITURA,397071.01,446705,2075,7.3,0,2082.3,False,FAIXA_FIXA_NAO_PROGRESSIVA,2026-01-01,,TRANSCRITO_CONFERIDO,False,PENDENTE_LEI_MUNICIPAL,Tabela Notas item 1.i,Fdd27e04e2f32,"Subtotal inclui processamento eletrônico de dados por ato (R$7,30). ISS municipal e atos acessórios permanecem separados.",0
RS_ESCRITURA_018,RS,ESCRITURA,446705.01,496338.9,2274.4,7.3,0,2281.7,False,FAIXA_FIXA_NAO_PROGRESSIVA,2026-01-01,,TRANSCRITO_CONFERIDO,False,PENDENTE_LEI_MUNICIPAL,Tabela Notas item 1.i,Fdd27e04e2f32,"Subtotal inclui processamento eletrônico de dados por ato (R$7,30). ISS municipal e atos acessórios permanecem separados.",0
RS_ESCRITURA_019,RS,ESCRITURA,496338.91,545972.8,2473.7,7.3,0,2481,False,FAIXA_FIXA_NAO_PROGRESSIVA,2026-01-01,,TRANSCRITO_CONFERIDO,False,PENDENTE_LEI_MUNICIPAL,Tabela Notas item 1.i,Fdd27e04e2f32,"Subtotal inclui processamento eletrônico de dados por ato (R$7,30). ISS municipal e atos acessórios permanecem separados.",0
RS_ESCRITURA_020,RS,ESCRITURA,545972.81,595606.8,2673.2,7.3,0,2680.5,False,FAIXA_FIXA_NAO_PROGRESSIVA,2026-01-01,,TRANSCRITO_CONFERIDO,False,PENDENTE_LEI_MUNICIPAL,Tabela Notas item 1.i,Fdd27e04e2f32,"Subtotal inclui processamento eletrônico de dados por ato (R$7,30). ISS municipal e atos acessórios permanecem separados.",0
RS_ESCRITURA_021,RS,ESCRITURA,595606.81,645240.7,2871.6,7.3,0,2878.9,False,FAIXA_FIXA_NAO_PROGRESSIVA,2026-01-01,,TRANSCRITO_CONFERIDO,False,PENDENTE_LEI_MUNICIPAL,Tabela Notas item 1.i,Fdd27e04e2f32,"Subtotal inclui processamento eletrônico de dados por ato (R$7,30). ISS municipal e atos acessórios permanecem separados.",0
RS_ESCRITURA_022,RS,ESCRITURA,645240.71,694874.6,3072.3,7.3,0,3079.6,False,FAIXA_FIXA_NAO_PROGRESSIVA,2026-01-01,,TRANSCRITO_CONFERIDO,False,PENDENTE_LEI_MUNICIPAL,Tabela Notas item 1.i,Fdd27e04e2f32,"Subtotal inclui processamento eletrônico de dados por ato (R$7,30). ISS municipal e atos acessórios permanecem separados.",0
RS_ESCRITURA_023,RS,ESCRITURA,694874.61,744508.5,3271.9,7.3,0,3279.2,False,FAIXA_FIXA_NAO_PROGRESSIVA,2026-01-01,,TRANSCRITO_CONFERIDO,False,PENDENTE_LEI_MUNICIPAL,Tabela Notas item 1.i,Fdd27e04e2f32,"Subtotal inclui processamento eletrônico de dados por ato (R$7,30). ISS municipal e atos acessórios permanecem separados.",0
RS_ESCRITURA_024,RS,ESCRITURA,744508.51,992677.9,3870.1,7.3,0,3877.4,False,FAIXA_FIXA_NAO_PROGRESSIVA,2026-01-01,,TRANSCRITO_CONFERIDO,False,PENDENTE_LEI_MUNICIPAL,Tabela Notas item 1.i,Fdd27e04e2f32,"Subtotal inclui processamento eletrônico de dados por ato (R$7,30). ISS municipal e atos acessórios permanecem separados.",0
RS_ESCRITURA_025,RS,ESCRITURA,992677.91,1240847.6,4867.5,7.3,0,4874.8,False,FAIXA_FIXA_NAO_PROGRESSIVA,2026-01-01,,TRANSCRITO_CONFERIDO,False,PENDENTE_LEI_MUNICIPAL,Tabela Notas item 1.i,Fdd27e04e2f32,"Subtotal inclui processamento eletrônico de dados por ato (R$7,30). ISS municipal e atos acessórios permanecem separados.",0
RS_ESCRITURA_026,RS,ESCRITURA,1240847.61,,5482.9,7.3,0,5490.2,False,FAIXA_FIXA_NAO_PROGRESSIVA,2026-01-01,,TRANSCRITO_CONFERIDO,False,PENDENTE_LEI_MUNICIPAL,Tabela Notas item 1.i,Fdd27e04e2f32,"Subtotal inclui processamento eletrônico de dados por ato (R$7,30). ISS municipal e atos acessórios permanecem separados.",0
RS_REGISTRO_001,RS,REGISTRO,0,2481.8,226.1,7.3,0,233.4,False,FAIXA_FIXA_NAO_PROGRESSIVA,2026-01-01,,TRANSCRITO_CONFERIDO,False,PENDENTE_LEI_MUNICIPAL,Tabela Registro de Imóveis item 1,Fdd27e04e2f32,"Subtotal inclui processamento eletrônico de dados por ato (R$7,30). ISS municipal e atos acessórios permanecem separados.",0
RS_REGISTRO_002,RS,REGISTRO,2481.81,4963.4,230.8,7.3,0,238.1,False,FAIXA_FIXA_NAO_PROGRESSIVA,2026-01-01,,TRANSCRITO_CONFERIDO,False,PENDENTE_LEI_MUNICIPAL,Tabela Registro de Imóveis item 1,Fdd27e04e2f32,"Subtotal inclui processamento eletrônico de dados por ato (R$7,30). ISS municipal e atos acessórios permanecem separados.",0
RS_REGISTRO_003,RS,REGISTRO,4963.41,7445.2,241,7.3,0,248.3,False,FAIXA_FIXA_NAO_PROGRESSIVA,2026-01-01,,TRANSCRITO_CONFERIDO,False,PENDENTE_LEI_MUNICIPAL,Tabela Registro de Imóveis item 1,Fdd27e04e2f32,"Subtotal inclui processamento eletrônico de dados por ato (R$7,30). ISS municipal e atos acessórios permanecem separados.",0
RS_REGISTRO_004,RS,REGISTRO,7445.21,9927,251.1,7.3,0,258.4,False,FAIXA_FIXA_NAO_PROGRESSIVA,2026-01-01,,TRANSCRITO_CONFERIDO,False,PENDENTE_LEI_MUNICIPAL,Tabela Registro de Imóveis item 1,Fdd27e04e2f32,"Subtotal inclui processamento eletrônico de dados por ato (R$7,30). ISS municipal e atos acessórios permanecem separados.",0
RS_REGISTRO_005,RS,REGISTRO,9927.01,12408.7,260.9,7.3,0,268.2,False,FAIXA_FIXA_NAO_PROGRESSIVA,2026-01-01,,TRANSCRITO_CONFERIDO,False,PENDENTE_LEI_MUNICIPAL,Tabela Registro de Imóveis item 1,Fdd27e04e2f32,"Subtotal inclui processamento eletrônico de dados por ato (R$7,30). ISS municipal e atos acessórios permanecem separados.",0
RS_REGISTRO_006,RS,REGISTRO,12408.71,14890.1,271,7.3,0,278.3,False,FAIXA_FIXA_NAO_PROGRESSIVA,2026-01-01,,TRANSCRITO_CONFERIDO,False,PENDENTE_LEI_MUNICIPAL,Tabela Registro de Imóveis item 1,Fdd27e04e2f32,"Subtotal inclui processamento eletrônico de dados por ato (R$7,30). ISS municipal e atos acessórios permanecem separados.",0
RS_REGISTRO_007,RS,REGISTRO,14890.11,17371.5,281.3,7.3,0,288.6,False,FAIXA_FIXA_NAO_PROGRESSIVA,2026-01-01,,TRANSCRITO_CONFERIDO,False,PENDENTE_LEI_MUNICIPAL,Tabela Registro de Imóveis item 1,Fdd27e04e2f32,"Subtotal inclui processamento eletrônico de dados por ato (R$7,30). ISS municipal e atos acessórios permanecem separados.",0
RS_REGISTRO_008,RS,REGISTRO,17371.51,19853.7,291.3,7.3,0,298.6,False,FAIXA_FIXA_NAO_PROGRESSIVA,2026-01-01,,TRANSCRITO_CONFERIDO,False,PENDENTE_LEI_MUNICIPAL,Tabela Registro de Imóveis item 1,Fdd27e04e2f32,"Subtotal inclui processamento eletrônico de dados por ato (R$7,30). ISS municipal e atos acessórios permanecem separados.",0
RS_REGISTRO_009,RS,REGISTRO,19853.71,22335.1,300.7,7.3,0,308,False,FAIXA_FIXA_NAO_PROGRESSIVA,2026-01-01,,TRANSCRITO_CONFERIDO,False,PENDENTE_LEI_MUNICIPAL,Tabela Registro de Imóveis item 1,Fdd27e04e2f32,"Subtotal inclui processamento eletrônico de dados por ato (R$7,30). ISS municipal e atos acessórios permanecem separados.",0
RS_REGISTRO_010,RS,REGISTRO,22335.11,24816.8,310.4,7.3,0,317.7,False,FAIXA_FIXA_NAO_PROGRESSIVA,2026-01-01,,TRANSCRITO_CONFERIDO,False,PENDENTE_LEI_MUNICIPAL,Tabela Registro de Imóveis item 1,Fdd27e04e2f32,"Subtotal inclui processamento eletrônico de dados por ato (R$7,30). ISS municipal e atos acessórios permanecem separados.",0
RS_REGISTRO_011,RS,REGISTRO,24816.81,37225.2,340.9,7.3,0,348.2,False,FAIXA_FIXA_NAO_PROGRESSIVA,2026-01-01,,TRANSCRITO_CONFERIDO,False,PENDENTE_LEI_MUNICIPAL,Tabela Registro de Imóveis item 1,Fdd27e04e2f32,"Subtotal inclui processamento eletrônico de dados por ato (R$7,30). ISS municipal e atos acessórios permanecem separados.",0
RS_REGISTRO_012,RS,REGISTRO,37225.21,49633.8,390.8,7.3,0,398.1,False,FAIXA_FIXA_NAO_PROGRESSIVA,2026-01-01,,TRANSCRITO_CONFERIDO,False,PENDENTE_LEI_MUNICIPAL,Tabela Registro de Imóveis item 1,Fdd27e04e2f32,"Subtotal inclui processamento eletrônico de dados por ato (R$7,30). ISS municipal e atos acessórios permanecem separados.",0
RS_REGISTRO_013,RS,REGISTRO,49633.81,74451,465.9,7.3,0,473.2,False,FAIXA_FIXA_NAO_PROGRESSIVA,2026-01-01,,TRANSCRITO_CONFERIDO,False,PENDENTE_LEI_MUNICIPAL,Tabela Registro de Imóveis item 1,Fdd27e04e2f32,"Subtotal inclui processamento eletrônico de dados por ato (R$7,30). ISS municipal e atos acessórios permanecem separados.",0
RS_REGISTRO_014,RS,REGISTRO,74451.01,99267.8,565.5,7.3,0,572.8,False,FAIXA_FIXA_NAO_PROGRESSIVA,2026-01-01,,TRANSCRITO_CONFERIDO,False,PENDENTE_LEI_MUNICIPAL,Tabela Registro de Imóveis item 1,Fdd27e04e2f32,"Subtotal inclui processamento eletrônico de dados por ato (R$7,30). ISS municipal e atos acessórios permanecem separados.",0
RS_REGISTRO_015,RS,REGISTRO,99267.81,124085,664.9,7.3,0,672.2,False,FAIXA_FIXA_NAO_PROGRESSIVA,2026-01-01,,TRANSCRITO_CONFERIDO,False,PENDENTE_LEI_MUNICIPAL,Tabela Registro de Imóveis item 1,Fdd27e04e2f32,"Subtotal inclui processamento eletrônico de dados por ato (R$7,30). ISS municipal e atos acessórios permanecem separados.",0
RS_REGISTRO_016,RS,REGISTRO,124085.01,148901.6,764.7,7.3,0,772,False,FAIXA_FIXA_NAO_PROGRESSIVA,2026-01-01,,TRANSCRITO_CONFERIDO,False,PENDENTE_LEI_MUNICIPAL,Tabela Registro de Imóveis item 1,Fdd27e04e2f32,"Subtotal inclui processamento eletrônico de dados por ato (R$7,30). ISS municipal e atos acessórios permanecem separados.",0
RS_REGISTRO_017,RS,REGISTRO,148901.61,173718.6,864.6,7.3,0,871.9,False,FAIXA_FIXA_NAO_PROGRESSIVA,2026-01-01,,TRANSCRITO_CONFERIDO,False,PENDENTE_LEI_MUNICIPAL,Tabela Registro de Imóveis item 1,Fdd27e04e2f32,"Subtotal inclui processamento eletrônico de dados por ato (R$7,30). ISS municipal e atos acessórios permanecem separados.",0
RS_REGISTRO_018,RS,REGISTRO,173718.61,198535.7,964.2,7.3,0,971.5,False,FAIXA_FIXA_NAO_PROGRESSIVA,2026-01-01,,TRANSCRITO_CONFERIDO,False,PENDENTE_LEI_MUNICIPAL,Tabela Registro de Imóveis item 1,Fdd27e04e2f32,"Subtotal inclui processamento eletrônico de dados por ato (R$7,30). ISS municipal e atos acessórios permanecem separados.",0
RS_REGISTRO_019,RS,REGISTRO,198535.71,223352.7,1064.2,7.3,0,1071.5,False,FAIXA_FIXA_NAO_PROGRESSIVA,2026-01-01,,TRANSCRITO_CONFERIDO,False,PENDENTE_LEI_MUNICIPAL,Tabela Registro de Imóveis item 1,Fdd27e04e2f32,"Subtotal inclui processamento eletrônico de dados por ato (R$7,30). ISS municipal e atos acessórios permanecem separados.",0
RS_REGISTRO_020,RS,REGISTRO,223352.71,248169.5,1163.9,7.3,0,1171.2,False,FAIXA_FIXA_NAO_PROGRESSIVA,2026-01-01,,TRANSCRITO_CONFERIDO,False,PENDENTE_LEI_MUNICIPAL,Tabela Registro de Imóveis item 1,Fdd27e04e2f32,"Subtotal inclui processamento eletrônico de dados por ato (R$7,30). ISS municipal e atos acessórios permanecem separados.",0
RS_REGISTRO_021,RS,REGISTRO,248169.51,297803.6,1313.3,7.3,0,1320.6,False,FAIXA_FIXA_NAO_PROGRESSIVA,2026-01-01,,TRANSCRITO_CONFERIDO,False,PENDENTE_LEI_MUNICIPAL,Tabela Registro de Imóveis item 1,Fdd27e04e2f32,"Subtotal inclui processamento eletrônico de dados por ato (R$7,30). ISS municipal e atos acessórios permanecem separados.",0
RS_REGISTRO_022,RS,REGISTRO,297803.61,347437.3,1512.3,7.3,0,1519.6,False,FAIXA_FIXA_NAO_PROGRESSIVA,2026-01-01,,TRANSCRITO_CONFERIDO,False,PENDENTE_LEI_MUNICIPAL,Tabela Registro de Imóveis item 1,Fdd27e04e2f32,"Subtotal inclui processamento eletrônico de dados por ato (R$7,30). ISS municipal e atos acessórios permanecem separados.",0
RS_REGISTRO_023,RS,REGISTRO,347437.31,397071,1712,7.3,0,1719.3,False,FAIXA_FIXA_NAO_PROGRESSIVA,2026-01-01,,TRANSCRITO_CONFERIDO,False,PENDENTE_LEI_MUNICIPAL,Tabela Registro de Imóveis item 1,Fdd27e04e2f32,"Subtotal inclui processamento eletrônico de dados por ato (R$7,30). ISS municipal e atos acessórios permanecem separados.",0
RS_REGISTRO_024,RS,REGISTRO,397071.01,446705,1911.3,7.3,0,1918.6,False,FAIXA_FIXA_NAO_PROGRESSIVA,2026-01-01,,TRANSCRITO_CONFERIDO,False,PENDENTE_LEI_MUNICIPAL,Tabela Registro de Imóveis item 1,Fdd27e04e2f32,"Subtotal inclui processamento eletrônico de dados por ato (R$7,30). ISS municipal e atos acessórios permanecem separados.",0
RS_REGISTRO_025,RS,REGISTRO,446705.01,496338.9,2111.7,7.3,0,2119,False,FAIXA_FIXA_NAO_PROGRESSIVA,2026-01-01,,TRANSCRITO_CONFERIDO,False,PENDENTE_LEI_MUNICIPAL,Tabela Registro de Imóveis item 1,Fdd27e04e2f32,"Subtotal inclui processamento eletrônico de dados por ato (R$7,30). ISS municipal e atos acessórios permanecem separados.",0
RS_REGISTRO_026,RS,REGISTRO,496338.91,620424,2460.8,7.3,0,2468.1,False,FAIXA_FIXA_NAO_PROGRESSIVA,2026-01-01,,TRANSCRITO_CONFERIDO,False,PENDENTE_LEI_MUNICIPAL,Tabela Registro de Imóveis item 1,Fdd27e04e2f32,"Subtotal inclui processamento eletrônico de dados por ato (R$7,30). ISS municipal e atos acessórios permanecem separados.",0
RS_REGISTRO_027,RS,REGISTRO,620424.01,744508.5,2958.9,7.3,0,2966.2,False,FAIXA_FIXA_NAO_PROGRESSIVA,2026-01-01,,TRANSCRITO_CONFERIDO,False,PENDENTE_LEI_MUNICIPAL,Tabela Registro de Imóveis item 1,Fdd27e04e2f32,"Subtotal inclui processamento eletrônico de dados por ato (R$7,30). ISS municipal e atos acessórios permanecem separados.",0
RS_REGISTRO_028,RS,REGISTRO,744508.51,868593.3,3458,7.3,0,3465.3,False,FAIXA_FIXA_NAO_PROGRESSIVA,2026-01-01,,TRANSCRITO_CONFERIDO,False,PENDENTE_LEI_MUNICIPAL,Tabela Registro de Imóveis item 1,Fdd27e04e2f32,"Subtotal inclui processamento eletrônico de dados por ato (R$7,30). ISS municipal e atos acessórios permanecem separados.",0
RS_REGISTRO_029,RS,REGISTRO,868593.31,992677.9,3956.2,7.3,0,3963.5,False,FAIXA_FIXA_NAO_PROGRESSIVA,2026-01-01,,TRANSCRITO_CONFERIDO,False,PENDENTE_LEI_MUNICIPAL,Tabela Registro de Imóveis item 1,Fdd27e04e2f32,"Subtotal inclui processamento eletrônico de dados por ato (R$7,30). ISS municipal e atos acessórios permanecem separados.",0
RS_REGISTRO_030,RS,REGISTRO,992677.91,1116762.8,4454.9,7.3,0,4462.2,False,FAIXA_FIXA_NAO_PROGRESSIVA,2026-01-01,,TRANSCRITO_CONFERIDO,False,PENDENTE_LEI_MUNICIPAL,Tabela Registro de Imóveis item 1,Fdd27e04e2f32,"Subtotal inclui processamento eletrônico de dados por ato (R$7,30). ISS municipal e atos acessórios permanecem separados.",0
RS_REGISTRO_031,RS,REGISTRO,1116762.81,1240847.6,4953.6,7.3,0,4960.9,False,FAIXA_FIXA_NAO_PROGRESSIVA,2026-01-01,,TRANSCRITO_CONFERIDO,False,PENDENTE_LEI_MUNICIPAL,Tabela Registro de Imóveis item 1,Fdd27e04e2f32,"Subtotal inclui processamento eletrônico de dados por ato (R$7,30). ISS municipal e atos acessórios permanecem separados.",0
RS_REGISTRO_032,RS,REGISTRO,1240847.61,,5482.9,7.3,0,5490.2,False,FAIXA_FIXA_NAO_PROGRESSIVA,2026-01-01,,TRANSCRITO_CONFERIDO,False,PENDENTE_LEI_MUNICIPAL,Tabela Registro de Imóveis item 1,Fdd27e04e2f32,"Subtotal inclui processamento eletrônico de dados por ato (R$7,30). ISS municipal e atos acessórios permanecem separados.",0
CE_ESCRITURA_001,CE,ESCRITURA,0,104,96.92,53.49,0,150.41,False,FAIXA_FIXA_NAO_PROGRESSIVA,2026-01-02,,TRANSCRITO_CONFERIDO,False,PENDENTE_LEI_MUNICIPAL,Tabela II códigos002008-002016,F8b9e38bd7524,"Total publicado: emolumento+FERMOJU+selo+FAADEP5%+FRMMP5%. ISS separado. Acima da última faixa aplica fórmula parametrizada; registro de aquisição ainda soma taxa adicional007010 ou007011, conforme o título.",0
CE_ESCRITURA_002,CE,ESCRITURA,104.01,235,276.27,83.19,0,359.46,False,FAIXA_FIXA_NAO_PROGRESSIVA,2026-01-02,,TRANSCRITO_CONFERIDO,False,PENDENTE_LEI_MUNICIPAL,Tabela II códigos002008-002016,F8b9e38bd7524,"Total publicado: emolumento+FERMOJU+selo+FAADEP5%+FRMMP5%. ISS separado. Acima da última faixa aplica fórmula parametrizada; registro de aquisição ainda soma taxa adicional007010 ou007011, conforme o título.",0
CE_ESCRITURA_003,CE,ESCRITURA,235.01,784,351.66,96.58,0,448.24,False,FAIXA_FIXA_NAO_PROGRESSIVA,2026-01-02,,TRANSCRITO_CONFERIDO,False,PENDENTE_LEI_MUNICIPAL,Tabela II códigos002008-002016,F8b9e38bd7524,"Total publicado: emolumento+FERMOJU+selo+FAADEP5%+FRMMP5%. ISS separado. Acima da última faixa aplica fórmula parametrizada; registro de aquisição ainda soma taxa adicional007010 ou007011, conforme o título.",0
CE_ESCRITURA_004,CE,ESCRITURA,784.01,2376,383.91,102.77,0,486.68,False,FAIXA_FIXA_NAO_PROGRESSIVA,2026-01-02,,TRANSCRITO_CONFERIDO,False,PENDENTE_LEI_MUNICIPAL,Tabela II códigos002008-002016,F8b9e38bd7524,"Total publicado: emolumento+FERMOJU+selo+FAADEP5%+FRMMP5%. ISS separado. Acima da última faixa aplica fórmula parametrizada; registro de aquisição ainda soma taxa adicional007010 ou007011, conforme o título.",0
CE_ESCRITURA_005,CE,ESCRITURA,2376.01,4684,505.88,117.88,0,623.76,False,FAIXA_FIXA_NAO_PROGRESSIVA,2026-01-02,,TRANSCRITO_CONFERIDO,False,PENDENTE_LEI_MUNICIPAL,Tabela II códigos002008-002016,F8b9e38bd7524,"Total publicado: emolumento+FERMOJU+selo+FAADEP5%+FRMMP5%. ISS separado. Acima da última faixa aplica fórmula parametrizada; registro de aquisição ainda soma taxa adicional007010 ou007011, conforme o título.",0
CE_ESCRITURA_006,CE,ESCRITURA,4684.01,6540,545.31,124.77,0,670.08,False,FAIXA_FIXA_NAO_PROGRESSIVA,2026-01-02,,TRANSCRITO_CONFERIDO,False,PENDENTE_LEI_MUNICIPAL,Tabela II códigos002008-002016,F8b9e38bd7524,"Total publicado: emolumento+FERMOJU+selo+FAADEP5%+FRMMP5%. ISS separado. Acima da última faixa aplica fórmula parametrizada; registro de aquisição ainda soma taxa adicional007010 ou007011, conforme o título.",0
CE_ESCRITURA_007,CE,ESCRITURA,6540.01,9810,623.39,138.44,0,761.83,False,FAIXA_FIXA_NAO_PROGRESSIVA,2026-01-02,,TRANSCRITO_CONFERIDO,False,PENDENTE_LEI_MUNICIPAL,Tabela II códigos002008-002016,F8b9e38bd7524,"Total publicado: emolumento+FERMOJU+selo+FAADEP5%+FRMMP5%. ISS separado. Acima da última faixa aplica fórmula parametrizada; registro de aquisição ainda soma taxa adicional007010 ou007011, conforme o título.",0
CE_ESCRITURA_008,CE,ESCRITURA,9810.01,18527,742.59,156.32,0,898.91,False,FAIXA_FIXA_NAO_PROGRESSIVA,2026-01-02,,TRANSCRITO_CONFERIDO,False,PENDENTE_LEI_MUNICIPAL,Tabela II códigos002008-002016,F8b9e38bd7524,"Total publicado: emolumento+FERMOJU+selo+FAADEP5%+FRMMP5%. ISS separado. Acima da última faixa aplica fórmula parametrizada; registro de aquisição ainda soma taxa adicional007010 ou007011, conforme o título.",0
CE_ESCRITURA_009,CE,ESCRITURA,18527.01,23322.58,835.86,171.45,0,1007.31,False,FAIXA_FIXA_NAO_PROGRESSIVA,2026-01-02,,TRANSCRITO_CONFERIDO,False,PENDENTE_LEI_MUNICIPAL,Tabela II códigos002008-002016,F8b9e38bd7524,"Total publicado: emolumento+FERMOJU+selo+FAADEP5%+FRMMP5%. ISS separado. Acima da última faixa aplica fórmula parametrizada; registro de aquisição ainda soma taxa adicional007010 ou007011, conforme o título.",0
CE_REGISTRO_001,CE,REGISTRO,0,6917.21,472.51,127.71,0,600.22,False,FAIXA_FIXA_NAO_PROGRESSIVA,2026-01-02,,TRANSCRITO_CONFERIDO,False,PENDENTE_LEI_MUNICIPAL,Tabela VII códigos007001-007008,F8b9e38bd7524,"Total publicado: emolumento+FERMOJU+selo+FAADEP5%+FRMMP5%. ISS separado. Acima da última faixa aplica fórmula parametrizada; registro de aquisição ainda soma taxa adicional007010 ou007011, conforme o título.",0
CE_REGISTRO_002,CE,REGISTRO,6917.22,13836.91,518.4,134.57,0,652.97,False,FAIXA_FIXA_NAO_PROGRESSIVA,2026-01-02,,TRANSCRITO_CONFERIDO,False,PENDENTE_LEI_MUNICIPAL,Tabela VII códigos007001-007008,F8b9e38bd7524,"Total publicado: emolumento+FERMOJU+selo+FAADEP5%+FRMMP5%. ISS separado. Acima da última faixa aplica fórmula parametrizada; registro de aquisição ainda soma taxa adicional007010 ou007011, conforme o título.",0
CE_REGISTRO_003,CE,REGISTRO,13836.92,20754.3,744.48,168.47,0,912.95,False,FAIXA_FIXA_NAO_PROGRESSIVA,2026-01-02,,TRANSCRITO_CONFERIDO,False,PENDENTE_LEI_MUNICIPAL,Tabela VII códigos007001-007008,F8b9e38bd7524,"Total publicado: emolumento+FERMOJU+selo+FAADEP5%+FRMMP5%. ISS separado. Acima da última faixa aplica fórmula parametrizada; registro de aquisição ainda soma taxa adicional007010 ou007011, conforme o título.",0
CE_REGISTRO_004,CE,REGISTRO,20754.31,27673.83,992.65,205.65,0,1198.3,False,FAIXA_FIXA_NAO_PROGRESSIVA,2026-01-02,,TRANSCRITO_CONFERIDO,False,PENDENTE_LEI_MUNICIPAL,Tabela VII códigos007001-007008,F8b9e38bd7524,"Total publicado: emolumento+FERMOJU+selo+FAADEP5%+FRMMP5%. ISS separado. Acima da última faixa aplica fórmula parametrizada; registro de aquisição ainda soma taxa adicional007010 ou007011, conforme o título.",0
CE_REGISTRO_005,CE,REGISTRO,27673.84,34580.79,1240.8,242.88,0,1483.68,False,FAIXA_FIXA_NAO_PROGRESSIVA,2026-01-02,,TRANSCRITO_CONFERIDO,False,PENDENTE_LEI_MUNICIPAL,Tabela VII códigos007001-007008,F8b9e38bd7524,"Total publicado: emolumento+FERMOJU+selo+FAADEP5%+FRMMP5%. ISS separado. Acima da última faixa aplica fórmula parametrizada; registro de aquisição ainda soma taxa adicional007010 ou007011, conforme o título.",0
CE_REGISTRO_006,CE,REGISTRO,34580.8,41335.37,1488.97,280.17,0,1769.14,False,FAIXA_FIXA_NAO_PROGRESSIVA,2026-01-02,,TRANSCRITO_CONFERIDO,False,PENDENTE_LEI_MUNICIPAL,Tabela VII códigos007001-007008,F8b9e38bd7524,"Total publicado: emolumento+FERMOJU+selo+FAADEP5%+FRMMP5%. ISS separado. Acima da última faixa aplica fórmula parametrizada; registro de aquisição ainda soma taxa adicional007010 ou007011, conforme o título.",0
CE_REGISTRO_007,CE,REGISTRO,41335.38,48417.57,1737.14,317.38,0,2054.52,False,FAIXA_FIXA_NAO_PROGRESSIVA,2026-01-02,,TRANSCRITO_CONFERIDO,False,PENDENTE_LEI_MUNICIPAL,Tabela VII códigos007001-007008,F8b9e38bd7524,"Total publicado: emolumento+FERMOJU+selo+FAADEP5%+FRMMP5%. ISS separado. Acima da última faixa aplica fórmula parametrizada; registro de aquisição ainda soma taxa adicional007010 ou007011, conforme o título.",0
CE_REGISTRO_008,CE,REGISTRO,48417.58,55337.23,1985.32,354.59,0,2339.91,False,FAIXA_FIXA_NAO_PROGRESSIVA,2026-01-02,,TRANSCRITO_CONFERIDO,False,PENDENTE_LEI_MUNICIPAL,Tabela VII códigos007001-007008,F8b9e38bd7524,"Total publicado: emolumento+FERMOJU+selo+FAADEP5%+FRMMP5%. ISS separado. Acima da última faixa aplica fórmula parametrizada; registro de aquisição ainda soma taxa adicional007010 ou007011, conforme o título.",0
RR_ESCRITURA_001,RR,ESCRITURA,0,5000,120.81,24.16,1.9,146.87,False,FAIXA_FIXA_NAO_PROGRESSIVA,2026-01-01,,TRANSCRITO_CONFERIDO,False,PENDENTE_LEI_MUNICIPAL,Provimento5/2026 TabelaC1,Fad9e04cab6ac,"Fecom5% + Fundejurr/fiscalização15% + selo1,90; ISS não indicado.",0
RR_ESCRITURA_002,RR,ESCRITURA,5000.01,10000,163.1,32.63,1.9,197.63,False,FAIXA_FIXA_NAO_PROGRESSIVA,2026-01-01,,TRANSCRITO_CONFERIDO,False,PENDENTE_LEI_MUNICIPAL,Provimento5/2026 TabelaC1,Fad9e04cab6ac,"Fecom5% + Fundejurr/fiscalização15% + selo1,90; ISS não indicado.",0
RR_ESCRITURA_003,RR,ESCRITURA,10000.01,15000,219.88,43.97,1.9,265.75,False,FAIXA_FIXA_NAO_PROGRESSIVA,2026-01-01,,TRANSCRITO_CONFERIDO,False,PENDENTE_LEI_MUNICIPAL,Provimento5/2026 TabelaC1,Fad9e04cab6ac,"Fecom5% + Fundejurr/fiscalização15% + selo1,90; ISS não indicado.",0
RR_ESCRITURA_004,RR,ESCRITURA,15000.01,20000,297.21,59.44,1.9,358.55,False,FAIXA_FIXA_NAO_PROGRESSIVA,2026-01-01,,TRANSCRITO_CONFERIDO,False,PENDENTE_LEI_MUNICIPAL,Provimento5/2026 TabelaC1,Fad9e04cab6ac,"Fecom5% + Fundejurr/fiscalização15% + selo1,90; ISS não indicado.",0
RR_ESCRITURA_005,RR,ESCRITURA,20000.01,25000,401.1,80.23,1.9,483.23,False,FAIXA_FIXA_NAO_PROGRESSIVA,2026-01-01,,TRANSCRITO_CONFERIDO,False,PENDENTE_LEI_MUNICIPAL,Provimento5/2026 TabelaC1,Fad9e04cab6ac,"Fecom5% + Fundejurr/fiscalização15% + selo1,90; ISS não indicado.",0
RR_ESCRITURA_006,RR,ESCRITURA,25000.01,30000,541.24,108.25,1.9,651.39,False,FAIXA_FIXA_NAO_PROGRESSIVA,2026-01-01,,TRANSCRITO_CONFERIDO,False,PENDENTE_LEI_MUNICIPAL,Provimento5/2026 TabelaC1,Fad9e04cab6ac,"Fecom5% + Fundejurr/fiscalização15% + selo1,90; ISS não indicado.",0
RR_ESCRITURA_007,RR,ESCRITURA,30000.01,35000,729.71,145.95,1.9,877.56,False,FAIXA_FIXA_NAO_PROGRESSIVA,2026-01-01,,TRANSCRITO_CONFERIDO,False,PENDENTE_LEI_MUNICIPAL,Provimento5/2026 TabelaC1,Fad9e04cab6ac,"Fecom5% + Fundejurr/fiscalização15% + selo1,90; ISS não indicado.",0
RR_ESCRITURA_008,RR,ESCRITURA,35000.01,50000,985.84,197.17,1.9,1184.91,False,FAIXA_FIXA_NAO_PROGRESSIVA,2026-01-01,,TRANSCRITO_CONFERIDO,False,PENDENTE_LEI_MUNICIPAL,Provimento5/2026 TabelaC1,Fad9e04cab6ac,"Fecom5% + Fundejurr/fiscalização15% + selo1,90; ISS não indicado.",0
RR_ESCRITURA_009,RR,ESCRITURA,50000.01,100000,1331.37,266.28,1.9,1599.55,False,FAIXA_FIXA_NAO_PROGRESSIVA,2026-01-01,,TRANSCRITO_CONFERIDO,False,PENDENTE_LEI_MUNICIPAL,Provimento5/2026 TabelaC1,Fad9e04cab6ac,"Fecom5% + Fundejurr/fiscalização15% + selo1,90; ISS não indicado.",0
RR_ESCRITURA_010,RR,ESCRITURA,100000.01,200000,1797.71,359.55,1.9,2159.16,False,FAIXA_FIXA_NAO_PROGRESSIVA,2026-01-01,,TRANSCRITO_CONFERIDO,False,PENDENTE_LEI_MUNICIPAL,Provimento5/2026 TabelaC1,Fad9e04cab6ac,"Fecom5% + Fundejurr/fiscalização15% + selo1,90; ISS não indicado.",0
RR_ESCRITURA_011,RR,ESCRITURA,200000.01,300000,2425.94,485.19,1.9,2913.03,False,FAIXA_FIXA_NAO_PROGRESSIVA,2026-01-01,,TRANSCRITO_CONFERIDO,False,PENDENTE_LEI_MUNICIPAL,Provimento5/2026 TabelaC1,Fad9e04cab6ac,"Fecom5% + Fundejurr/fiscalização15% + selo1,90; ISS não indicado.",0
RR_ESCRITURA_012,RR,ESCRITURA,300000.01,,3274.05,654.81,1.9,3930.76,False,FAIXA_FIXA_NAO_PROGRESSIVA,2026-01-01,,TRANSCRITO_CONFERIDO,False,PENDENTE_LEI_MUNICIPAL,Provimento5/2026 TabelaC1,Fad9e04cab6ac,"Fecom5% + Fundejurr/fiscalização15% + selo1,90; ISS não indicado.",0
RR_REGISTRO_001,RR,REGISTRO,0,5000,125.64,25.13,1.9,152.67,False,FAIXA_FIXA_NAO_PROGRESSIVA,2026-01-01,,TRANSCRITO_CONFERIDO,False,PENDENTE_LEI_MUNICIPAL,Provimento5/2026 TabelaG1,Fad9e04cab6ac,"Fecom5% + Fundejurr/fiscalização15% + selo1,90; ISS não indicado.",0
RR_REGISTRO_002,RR,REGISTRO,5000.01,10000,169.14,33.83,1.9,204.87,False,FAIXA_FIXA_NAO_PROGRESSIVA,2026-01-01,,TRANSCRITO_CONFERIDO,False,PENDENTE_LEI_MUNICIPAL,Provimento5/2026 TabelaG1,Fad9e04cab6ac,"Fecom5% + Fundejurr/fiscalização15% + selo1,90; ISS não indicado.",0
RR_REGISTRO_003,RR,REGISTRO,10000.01,15000,228.34,45.67,1.9,275.91,False,FAIXA_FIXA_NAO_PROGRESSIVA,2026-01-01,,TRANSCRITO_CONFERIDO,False,PENDENTE_LEI_MUNICIPAL,Provimento5/2026 TabelaG1,Fad9e04cab6ac,"Fecom5% + Fundejurr/fiscalização15% + selo1,90; ISS não indicado.",0
RR_REGISTRO_004,RR,REGISTRO,15000.01,20000,308.08,61.61,1.9,371.59,False,FAIXA_FIXA_NAO_PROGRESSIVA,2026-01-01,,TRANSCRITO_CONFERIDO,False,PENDENTE_LEI_MUNICIPAL,Provimento5/2026 TabelaG1,Fad9e04cab6ac,"Fecom5% + Fundejurr/fiscalização15% + selo1,90; ISS não indicado.",0
RR_REGISTRO_005,RR,REGISTRO,20000.01,25000,415.6,83.12,1.9,500.62,False,FAIXA_FIXA_NAO_PROGRESSIVA,2026-01-01,,TRANSCRITO_CONFERIDO,False,PENDENTE_LEI_MUNICIPAL,Provimento5/2026 TabelaG1,Fad9e04cab6ac,"Fecom5% + Fundejurr/fiscalização15% + selo1,90; ISS não indicado.",0
RR_REGISTRO_006,RR,REGISTRO,25000.01,30000,560.58,112.12,1.9,674.6,False,FAIXA_FIXA_NAO_PROGRESSIVA,2026-01-01,,TRANSCRITO_CONFERIDO,False,PENDENTE_LEI_MUNICIPAL,Provimento5/2026 TabelaG1,Fad9e04cab6ac,"Fecom5% + Fundejurr/fiscalização15% + selo1,90; ISS não indicado.",0
RR_REGISTRO_007,RR,REGISTRO,30000.01,35000,756.3,151.27,1.9,909.47,False,FAIXA_FIXA_NAO_PROGRESSIVA,2026-01-01,,TRANSCRITO_CONFERIDO,False,PENDENTE_LEI_MUNICIPAL,Provimento5/2026 TabelaG1,Fad9e04cab6ac,"Fecom5% + Fundejurr/fiscalização15% + selo1,90; ISS não indicado.",0
RR_REGISTRO_008,RR,REGISTRO,35000.01,50000,1020.88,204.17,1.9,1226.95,False,FAIXA_FIXA_NAO_PROGRESSIVA,2026-01-01,,TRANSCRITO_CONFERIDO,False,PENDENTE_LEI_MUNICIPAL,Provimento5/2026 TabelaG1,Fad9e04cab6ac,"Fecom5% + Fundejurr/fiscalização15% + selo1,90; ISS não indicado.",0
RR_REGISTRO_009,RR,REGISTRO,50000.01,100000,1377.28,275.45,1.9,1654.63,False,FAIXA_FIXA_NAO_PROGRESSIVA,2026-01-01,,TRANSCRITO_CONFERIDO,False,PENDENTE_LEI_MUNICIPAL,Provimento5/2026 TabelaG1,Fad9e04cab6ac,"Fecom5% + Fundejurr/fiscalização15% + selo1,90; ISS não indicado.",0
RR_REGISTRO_010,RR,REGISTRO,100000.01,200000,1859.33,371.87,1.9,2233.1,False,FAIXA_FIXA_NAO_PROGRESSIVA,2026-01-01,,TRANSCRITO_CONFERIDO,False,PENDENTE_LEI_MUNICIPAL,Provimento5/2026 TabelaG1,Fad9e04cab6ac,"Fecom5% + Fundejurr/fiscalização15% + selo1,90; ISS não indicado.",0
RR_REGISTRO_011,RR,REGISTRO,200000.01,300000,2510.51,502.11,1.9,3014.52,False,FAIXA_FIXA_NAO_PROGRESSIVA,2026-01-01,,TRANSCRITO_CONFERIDO,False,PENDENTE_LEI_MUNICIPAL,Provimento5/2026 TabelaG1,Fad9e04cab6ac,"Fecom5% + Fundejurr/fiscalização15% + selo1,90; ISS não indicado.",0
RR_REGISTRO_012,RR,REGISTRO,300000.01,,3390.04,678.01,1.9,4069.95,False,FAIXA_FIXA_NAO_PROGRESSIVA,2026-01-01,,TRANSCRITO_CONFERIDO,False,PENDENTE_LEI_MUNICIPAL,Provimento5/2026 TabelaG1,Fad9e04cab6ac,"Fecom5% + Fundejurr/fiscalização15% + selo1,90; ISS não indicado.",0
AC_ESCRITURA_001,AC,ESCRITURA,0,3000,118.74,20.96,0,139.7,False,FAIXA_FIXA_NAO_PROGRESSIVA,2026-01-01,,TRANSCRITO_CONFERIDO,False,PENDENTE_LEI_MUNICIPAL,ProvimentoCOGER15/2025 Tabela5A,F8d2b80eb0d85,"Última faixa fonte diz acima de500.000,01: limite inclusivo exige confirmação; total não contém colunaISS.",0
AC_ESCRITURA_002,AC,ESCRITURA,3000.01,5000,342.72,60.48,0,403.2,False,FAIXA_FIXA_NAO_PROGRESSIVA,2026-01-01,,TRANSCRITO_CONFERIDO,False,PENDENTE_LEI_MUNICIPAL,ProvimentoCOGER15/2025 Tabela5A,F8d2b80eb0d85,"Última faixa fonte diz acima de500.000,01: limite inclusivo exige confirmação; total não contém colunaISS.",0
AC_ESCRITURA_003,AC,ESCRITURA,5000.01,15000,456.95,80.65,0,537.6,False,FAIXA_FIXA_NAO_PROGRESSIVA,2026-01-01,,TRANSCRITO_CONFERIDO,False,PENDENTE_LEI_MUNICIPAL,ProvimentoCOGER15/2025 Tabela5A,F8d2b80eb0d85,"Última faixa fonte diz acima de500.000,01: limite inclusivo exige confirmação; total não contém colunaISS.",0
AC_ESCRITURA_004,AC,ESCRITURA,15000.01,30000,685.59,121.01,0,806.6,False,FAIXA_FIXA_NAO_PROGRESSIVA,2026-01-01,,TRANSCRITO_CONFERIDO,False,PENDENTE_LEI_MUNICIPAL,ProvimentoCOGER15/2025 Tabela5A,F8d2b80eb0d85,"Última faixa fonte diz acima de500.000,01: limite inclusivo exige confirmação; total não contém colunaISS.",0
AC_ESCRITURA_005,AC,ESCRITURA,30000.01,50000,1142.57,201.63,0,1344.2,False,FAIXA_FIXA_NAO_PROGRESSIVA,2026-01-01,,TRANSCRITO_CONFERIDO,False,PENDENTE_LEI_MUNICIPAL,ProvimentoCOGER15/2025 Tabela5A,F8d2b80eb0d85,"Última faixa fonte diz acima de500.000,01: limite inclusivo exige confirmação; total não contém colunaISS.",0
AC_ESCRITURA_006,AC,ESCRITURA,50000.01,80000,1827.9,322.6,0,2150.5,False,FAIXA_FIXA_NAO_PROGRESSIVA,2026-01-01,,TRANSCRITO_CONFERIDO,False,PENDENTE_LEI_MUNICIPAL,ProvimentoCOGER15/2025 Tabela5A,F8d2b80eb0d85,"Última faixa fonte diz acima de500.000,01: limite inclusivo exige confirmação; total não contém colunaISS.",0
AC_ESCRITURA_007,AC,ESCRITURA,80000.01,100000,2284.89,403.21,0,2688.1,False,FAIXA_FIXA_NAO_PROGRESSIVA,2026-01-01,,TRANSCRITO_CONFERIDO,False,PENDENTE_LEI_MUNICIPAL,ProvimentoCOGER15/2025 Tabela5A,F8d2b80eb0d85,"Última faixa fonte diz acima de500.000,01: limite inclusivo exige confirmação; total não contém colunaISS.",0
AC_ESCRITURA_008,AC,ESCRITURA,100000.01,150000,3427.56,604.84,0,4032.4,False,FAIXA_FIXA_NAO_PROGRESSIVA,2026-01-01,,TRANSCRITO_CONFERIDO,False,PENDENTE_LEI_MUNICIPAL,ProvimentoCOGER15/2025 Tabela5A,F8d2b80eb0d85,"Última faixa fonte diz acima de500.000,01: limite inclusivo exige confirmação; total não contém colunaISS.",0
AC_ESCRITURA_009,AC,ESCRITURA,150000.01,200000,4569.94,806.46,0,5376.4,False,FAIXA_FIXA_NAO_PROGRESSIVA,2026-01-01,,TRANSCRITO_CONFERIDO,False,PENDENTE_LEI_MUNICIPAL,ProvimentoCOGER15/2025 Tabela5A,F8d2b80eb0d85,"Última faixa fonte diz acima de500.000,01: limite inclusivo exige confirmação; total não contém colunaISS.",0
AC_ESCRITURA_010,AC,ESCRITURA,200000.01,250000,5712.69,1008.11,0,6720.8,False,FAIXA_FIXA_NAO_PROGRESSIVA,2026-01-01,,TRANSCRITO_CONFERIDO,False,PENDENTE_LEI_MUNICIPAL,ProvimentoCOGER15/2025 Tabela5A,F8d2b80eb0d85,"Última faixa fonte diz acima de500.000,01: limite inclusivo exige confirmação; total não contém colunaISS.",0
AC_ESCRITURA_011,AC,ESCRITURA,250000.01,300000,6854.99,1209.71,0,8064.7,False,FAIXA_FIXA_NAO_PROGRESSIVA,2026-01-01,,TRANSCRITO_CONFERIDO,False,PENDENTE_LEI_MUNICIPAL,ProvimentoCOGER15/2025 Tabela5A,F8d2b80eb0d85,"Última faixa fonte diz acima de500.000,01: limite inclusivo exige confirmação; total não contém colunaISS.",0
AC_ESCRITURA_012,AC,ESCRITURA,300000.01,350000,7997.46,1411.34,0,9408.8,False,FAIXA_FIXA_NAO_PROGRESSIVA,2026-01-01,,TRANSCRITO_CONFERIDO,False,PENDENTE_LEI_MUNICIPAL,ProvimentoCOGER15/2025 Tabela5A,F8d2b80eb0d85,"Última faixa fonte diz acima de500.000,01: limite inclusivo exige confirmação; total não contém colunaISS.",0
AC_ESCRITURA_013,AC,ESCRITURA,350000.01,400000,9139.88,1612.92,0,10752.8,False,FAIXA_FIXA_NAO_PROGRESSIVA,2026-01-01,,TRANSCRITO_CONFERIDO,False,PENDENTE_LEI_MUNICIPAL,ProvimentoCOGER15/2025 Tabela5A,F8d2b80eb0d85,"Última faixa fonte diz acima de500.000,01: limite inclusivo exige confirmação; total não contém colunaISS.",0
AC_ESCRITURA_014,AC,ESCRITURA,400000.01,500000,11424.74,2016.16,0,13440.9,False,FAIXA_FIXA_NAO_PROGRESSIVA,2026-01-01,,TRANSCRITO_CONFERIDO,False,PENDENTE_LEI_MUNICIPAL,ProvimentoCOGER15/2025 Tabela5A,F8d2b80eb0d85,"Última faixa fonte diz acima de500.000,01: limite inclusivo exige confirmação; total não contém colunaISS.",0
AC_ESCRITURA_015,AC,ESCRITURA,500000.01,,13709.9,2419.4,0,16129.3,False,FAIXA_FIXA_NAO_PROGRESSIVA,2026-01-01,,TRANSCRITO_CONFERIDO,False,PENDENTE_LEI_MUNICIPAL,ProvimentoCOGER15/2025 Tabela5A,F8d2b80eb0d85,"Última faixa fonte diz acima de500.000,01: limite inclusivo exige confirmação; total não contém colunaISS.",0
AC_REGISTRO_001,AC,REGISTRO,0,3000,92.31,16.29,0,108.6,False,FAIXA_FIXA_NAO_PROGRESSIVA,2026-01-01,,TRANSCRITO_CONFERIDO,False,PENDENTE_LEI_MUNICIPAL,ProvimentoCOGER15/2025 Tabela1A,F8d2b80eb0d85,"Última faixa fonte diz acima de500.000,01: limite inclusivo exige confirmação; total não contém colunaISS.",0
AC_REGISTRO_002,AC,REGISTRO,3000.01,5000,171.46,30.24,0,201.7,False,FAIXA_FIXA_NAO_PROGRESSIVA,2026-01-01,,TRANSCRITO_CONFERIDO,False,PENDENTE_LEI_MUNICIPAL,ProvimentoCOGER15/2025 Tabela1A,F8d2b80eb0d85,"Última faixa fonte diz acima de500.000,01: limite inclusivo exige confirmação; total não contém colunaISS.",0
AC_REGISTRO_003,AC,REGISTRO,5000.01,15000,228.74,40.36,0,269.1,False,FAIXA_FIXA_NAO_PROGRESSIVA,2026-01-01,,TRANSCRITO_CONFERIDO,False,PENDENTE_LEI_MUNICIPAL,ProvimentoCOGER15/2025 Tabela1A,F8d2b80eb0d85,"Última faixa fonte diz acima de500.000,01: limite inclusivo exige confirmação; total não contém colunaISS.",0
AC_REGISTRO_004,AC,REGISTRO,15000.01,30000,342.72,60.48,0,403.2,False,FAIXA_FIXA_NAO_PROGRESSIVA,2026-01-01,,TRANSCRITO_CONFERIDO,False,PENDENTE_LEI_MUNICIPAL,ProvimentoCOGER15/2025 Tabela1A,F8d2b80eb0d85,"Última faixa fonte diz acima de500.000,01: limite inclusivo exige confirmação; total não contém colunaISS.",0
AC_REGISTRO_005,AC,REGISTRO,30000.01,50000,571.28,100.82,0,672.1,False,FAIXA_FIXA_NAO_PROGRESSIVA,2026-01-01,,TRANSCRITO_CONFERIDO,False,PENDENTE_LEI_MUNICIPAL,ProvimentoCOGER15/2025 Tabela1A,F8d2b80eb0d85,"Última faixa fonte diz acima de500.000,01: limite inclusivo exige confirmação; total não contém colunaISS.",0
AC_REGISTRO_006,AC,REGISTRO,50000.01,80000,914.35,161.35,0,1075.7,False,FAIXA_FIXA_NAO_PROGRESSIVA,2026-01-01,,TRANSCRITO_CONFERIDO,False,PENDENTE_LEI_MUNICIPAL,ProvimentoCOGER15/2025 Tabela1A,F8d2b80eb0d85,"Última faixa fonte diz acima de500.000,01: limite inclusivo exige confirmação; total não contém colunaISS.",0
AC_REGISTRO_007,AC,REGISTRO,80000.01,100000,1142.57,201.63,0,1344.2,False,FAIXA_FIXA_NAO_PROGRESSIVA,2026-01-01,,TRANSCRITO_CONFERIDO,False,PENDENTE_LEI_MUNICIPAL,ProvimentoCOGER15/2025 Tabela1A,F8d2b80eb0d85,"Última faixa fonte diz acima de500.000,01: limite inclusivo exige confirmação; total não contém colunaISS.",0
AC_REGISTRO_008,AC,REGISTRO,100000.01,150000,1713.68,302.42,0,2016.1,False,FAIXA_FIXA_NAO_PROGRESSIVA,2026-01-01,,TRANSCRITO_CONFERIDO,False,PENDENTE_LEI_MUNICIPAL,ProvimentoCOGER15/2025 Tabela1A,F8d2b80eb0d85,"Última faixa fonte diz acima de500.000,01: limite inclusivo exige confirmação; total não contém colunaISS.",0
AC_REGISTRO_009,AC,REGISTRO,150000.01,200000,2284.89,403.21,0,2688.1,False,FAIXA_FIXA_NAO_PROGRESSIVA,2026-01-01,,TRANSCRITO_CONFERIDO,False,PENDENTE_LEI_MUNICIPAL,ProvimentoCOGER15/2025 Tabela1A,F8d2b80eb0d85,"Última faixa fonte diz acima de500.000,01: limite inclusivo exige confirmação; total não contém colunaISS.",0
AC_REGISTRO_010,AC,REGISTRO,200000.01,250000,2856.24,504.06,0,3360.3,False,FAIXA_FIXA_NAO_PROGRESSIVA,2026-01-01,,TRANSCRITO_CONFERIDO,False,PENDENTE_LEI_MUNICIPAL,ProvimentoCOGER15/2025 Tabela1A,F8d2b80eb0d85,"Última faixa fonte diz acima de500.000,01: limite inclusivo exige confirmação; total não contém colunaISS.",0
AC_REGISTRO_011,AC,REGISTRO,250000.01,300000,3427.91,604.89,0,4032.8,False,FAIXA_FIXA_NAO_PROGRESSIVA,2026-01-01,,TRANSCRITO_CONFERIDO,False,PENDENTE_LEI_MUNICIPAL,ProvimentoCOGER15/2025 Tabela1A,F8d2b80eb0d85,"Última faixa fonte diz acima de500.000,01: limite inclusivo exige confirmação; total não contém colunaISS.",0
AC_REGISTRO_012,AC,REGISTRO,300000.01,350000,3999,705.7,0,4704.7,False,FAIXA_FIXA_NAO_PROGRESSIVA,2026-01-01,,TRANSCRITO_CONFERIDO,False,PENDENTE_LEI_MUNICIPAL,ProvimentoCOGER15/2025 Tabela1A,F8d2b80eb0d85,"Última faixa fonte diz acima de500.000,01: limite inclusivo exige confirmação; total não contém colunaISS.",0
AC_REGISTRO_013,AC,REGISTRO,350000.01,400000,4569.94,806.46,0,5376.4,False,FAIXA_FIXA_NAO_PROGRESSIVA,2026-01-01,,TRANSCRITO_CONFERIDO,False,PENDENTE_LEI_MUNICIPAL,ProvimentoCOGER15/2025 Tabela1A,F8d2b80eb0d85,"Última faixa fonte diz acima de500.000,01: limite inclusivo exige confirmação; total não contém colunaISS.",0
AC_REGISTRO_014,AC,REGISTRO,400000.01,500000,5712.69,1008.11,0,6720.8,False,FAIXA_FIXA_NAO_PROGRESSIVA,2026-01-01,,TRANSCRITO_CONFERIDO,False,PENDENTE_LEI_MUNICIPAL,ProvimentoCOGER15/2025 Tabela1A,F8d2b80eb0d85,"Última faixa fonte diz acima de500.000,01: limite inclusivo exige confirmação; total não contém colunaISS.",0
AC_REGISTRO_015,AC,REGISTRO,500000.01,,6854.99,1209.71,0,8064.7,False,FAIXA_FIXA_NAO_PROGRESSIVA,2026-01-01,,TRANSCRITO_CONFERIDO,False,PENDENTE_LEI_MUNICIPAL,ProvimentoCOGER15/2025 Tabela1A,F8d2b80eb0d85,"Última faixa fonte diz acima de500.000,01: limite inclusivo exige confirmação; total não contém colunaISS.",0
BA_ESCRITURA_001,BA,ESCRITURA,0,1600,,,0,333.34,False,FAIXA_FIXA_NAO_PROGRESSIVA,2026-01-01,,PARCIAL_COMPONENTES,False,PENDENTE_LEI_MUNICIPAL,Decreto1075/2025 TabelaII itemI código01020,Fa053c0581f74,Valor total único da tabela; Componentes não desagregados mantidos nulos. ISS e repartição pendentes.,
BA_ESCRITURA_002,BA,ESCRITURA,1600.01,3200,,,0,419.3,False,FAIXA_FIXA_NAO_PROGRESSIVA,2026-01-01,,PARCIAL_COMPONENTES,False,PENDENTE_LEI_MUNICIPAL,Decreto1075/2025 TabelaII itemI código01030,Fa053c0581f74,Valor total único da tabela; Componentes não desagregados mantidos nulos. ISS e repartição pendentes.,
BA_ESCRITURA_003,BA,ESCRITURA,3200.01,8000,,,0,505.24,False,FAIXA_FIXA_NAO_PROGRESSIVA,2026-01-01,,PARCIAL_COMPONENTES,False,PENDENTE_LEI_MUNICIPAL,Decreto1075/2025 TabelaII itemI código01040,Fa053c0581f74,Valor total único da tabela; Componentes não desagregados mantidos nulos. ISS e repartição pendentes.,
BA_ESCRITURA_004,BA,ESCRITURA,8000.01,12000,,,0,546.06,False,FAIXA_FIXA_NAO_PROGRESSIVA,2026-01-01,,PARCIAL_COMPONENTES,False,PENDENTE_LEI_MUNICIPAL,Decreto1075/2025 TabelaII itemI código01049,Fa053c0581f74,Valor total único da tabela; Componentes não desagregados mantidos nulos. ISS e repartição pendentes.,
BA_ESCRITURA_005,BA,ESCRITURA,12000.01,16000,,,0,587.62,False,FAIXA_FIXA_NAO_PROGRESSIVA,2026-01-01,,PARCIAL_COMPONENTES,False,PENDENTE_LEI_MUNICIPAL,Decreto1075/2025 TabelaII itemI código01058,Fa053c0581f74,Valor total único da tabela; Componentes não desagregados mantidos nulos. ISS e repartição pendentes.,
BA_ESCRITURA_006,BA,ESCRITURA,16000.01,24000,,,0,670.86,False,FAIXA_FIXA_NAO_PROGRESSIVA,2026-01-01,,PARCIAL_COMPONENTES,False,PENDENTE_LEI_MUNICIPAL,Decreto1075/2025 TabelaII itemI código01066,Fa053c0581f74,Valor total único da tabela; Componentes não desagregados mantidos nulos. ISS e repartição pendentes.,
BA_ESCRITURA_007,BA,ESCRITURA,24000.01,32000,,,0,756.26,False,FAIXA_FIXA_NAO_PROGRESSIVA,2026-01-01,,PARCIAL_COMPONENTES,False,PENDENTE_LEI_MUNICIPAL,Decreto1075/2025 TabelaII itemI código01074,Fa053c0581f74,Valor total único da tabela; Componentes não desagregados mantidos nulos. ISS e repartição pendentes.,
BA_ESCRITURA_008,BA,ESCRITURA,32000.01,47000,,,0,835.36,False,FAIXA_FIXA_NAO_PROGRESSIVA,2026-01-01,,PARCIAL_COMPONENTES,False,PENDENTE_LEI_MUNICIPAL,Decreto1075/2025 TabelaII itemI código01082,Fa053c0581f74,Valor total único da tabela; Componentes não desagregados mantidos nulos. ISS e repartição pendentes.,
BA_ESCRITURA_009,BA,ESCRITURA,47000.01,63000,,,0,920.54,False,FAIXA_FIXA_NAO_PROGRESSIVA,2026-01-01,,PARCIAL_COMPONENTES,False,PENDENTE_LEI_MUNICIPAL,Decreto1075/2025 TabelaII itemI código01086,Fa053c0581f74,Valor total único da tabela; Componentes não desagregados mantidos nulos. ISS e repartição pendentes.,
BA_ESCRITURA_010,BA,ESCRITURA,63000.01,78000,,,0,1010.84,False,FAIXA_FIXA_NAO_PROGRESSIVA,2026-01-01,,PARCIAL_COMPONENTES,False,PENDENTE_LEI_MUNICIPAL,Decreto1075/2025 TabelaII itemI código01090,Fa053c0581f74,Valor total único da tabela; Componentes não desagregados mantidos nulos. ISS e repartição pendentes.,
BA_ESCRITURA_011,BA,ESCRITURA,78000.01,118000,,,0,1076.62,False,FAIXA_FIXA_NAO_PROGRESSIVA,2026-01-01,,PARCIAL_COMPONENTES,False,PENDENTE_LEI_MUNICIPAL,Decreto1075/2025 TabelaII itemI código01097,Fa053c0581f74,Valor total único da tabela; Componentes não desagregados mantidos nulos. ISS e repartição pendentes.,
BA_ESCRITURA_012,BA,ESCRITURA,118000.01,160000,,,0,1164.82,False,FAIXA_FIXA_NAO_PROGRESSIVA,2026-01-01,,PARCIAL_COMPONENTES,False,PENDENTE_LEI_MUNICIPAL,Decreto1075/2025 TabelaII itemI código01104,Fa053c0581f74,Valor total único da tabela; Componentes não desagregados mantidos nulos. ISS e repartição pendentes.,
BA_ESCRITURA_013,BA,ESCRITURA,160000.01,235000,,,0,1885.66,False,FAIXA_FIXA_NAO_PROGRESSIVA,2026-01-01,,PARCIAL_COMPONENTES,False,PENDENTE_LEI_MUNICIPAL,Decreto1075/2025 TabelaII itemI código01112,Fa053c0581f74,Valor total único da tabela; Componentes não desagregados mantidos nulos. ISS e repartição pendentes.,
BA_ESCRITURA_014,BA,ESCRITURA,235000.01,350000,,,0,2828.84,False,FAIXA_FIXA_NAO_PROGRESSIVA,2026-01-01,,PARCIAL_COMPONENTES,False,PENDENTE_LEI_MUNICIPAL,Decreto1075/2025 TabelaII itemI código01120,Fa053c0581f74,Valor total único da tabela; Componentes não desagregados mantidos nulos. ISS e repartição pendentes.,
BA_ESCRITURA_015,BA,ESCRITURA,350000.01,530000,,,0,4248.68,False,FAIXA_FIXA_NAO_PROGRESSIVA,2026-01-01,,PARCIAL_COMPONENTES,False,PENDENTE_LEI_MUNICIPAL,Decreto1075/2025 TabelaII itemI código01139,Fa053c0581f74,Valor total único da tabela; Componentes não desagregados mantidos nulos. ISS e repartição pendentes.,
BA_ESCRITURA_016,BA,ESCRITURA,530000.01,800000,,,0,6371.4,False,FAIXA_FIXA_NAO_PROGRESSIVA,2026-01-01,,PARCIAL_COMPONENTES,False,PENDENTE_LEI_MUNICIPAL,Decreto1075/2025 TabelaII itemI código01147,Fa053c0581f74,Valor total único da tabela; Componentes não desagregados mantidos nulos. ISS e repartição pendentes.,
BA_ESCRITURA_017,BA,ESCRITURA,800000.01,1200000,,,0,9555.6,False,FAIXA_FIXA_NAO_PROGRESSIVA,2026-01-01,,PARCIAL_COMPONENTES,False,PENDENTE_LEI_MUNICIPAL,Decreto1075/2025 TabelaII itemI código01155,Fa053c0581f74,Valor total único da tabela; Componentes não desagregados mantidos nulos. ISS e repartição pendentes.,
BA_ESCRITURA_018,BA,ESCRITURA,1200000.01,1800000,,,0,11466.66,False,FAIXA_FIXA_NAO_PROGRESSIVA,2026-01-01,,PARCIAL_COMPONENTES,False,PENDENTE_LEI_MUNICIPAL,Decreto1075/2025 TabelaII itemI código01163,Fa053c0581f74,Valor total único da tabela; Componentes não desagregados mantidos nulos. ISS e repartição pendentes.,
BA_ESCRITURA_019,BA,ESCRITURA,1800000.01,2700000,,,0,14907,False,FAIXA_FIXA_NAO_PROGRESSIVA,2026-01-01,,PARCIAL_COMPONENTES,False,PENDENTE_LEI_MUNICIPAL,Decreto1075/2025 TabelaII itemI código01171,Fa053c0581f74,Valor total único da tabela; Componentes não desagregados mantidos nulos. ISS e repartição pendentes.,
BA_ESCRITURA_020,BA,ESCRITURA,2700000.01,4000000,,,0,19379.08,False,FAIXA_FIXA_NAO_PROGRESSIVA,2026-01-01,,PARCIAL_COMPONENTES,False,PENDENTE_LEI_MUNICIPAL,Decreto1075/2025 TabelaII itemI código01180,Fa053c0581f74,Valor total único da tabela; Componentes não desagregados mantidos nulos. ISS e repartição pendentes.,
BA_ESCRITURA_021,BA,ESCRITURA,4000000.01,,,,0,25192.9,False,FAIXA_FIXA_NAO_PROGRESSIVA,2026-01-01,,PARCIAL_COMPONENTES,False,PENDENTE_LEI_MUNICIPAL,Decreto1075/2025 TabelaII itemI código01198,Fa053c0581f74,Valor total único da tabela; Componentes não desagregados mantidos nulos. ISS e repartição pendentes.,
BA_REGISTRO_001,BA,REGISTRO,0,1600,,,0,333.34,False,FAIXA_FIXA_NAO_PROGRESSIVA,2026-01-01,,PARCIAL_COMPONENTES,False,PENDENTE_LEI_MUNICIPAL,Decreto1075/2025 TabelaIII itemI código07015,Fa053c0581f74,Valor total único da tabela; Componentes não desagregados mantidos nulos. ISS e repartição pendentes.,
BA_REGISTRO_002,BA,REGISTRO,1600.01,3200,,,0,419.3,False,FAIXA_FIXA_NAO_PROGRESSIVA,2026-01-01,,PARCIAL_COMPONENTES,False,PENDENTE_LEI_MUNICIPAL,Decreto1075/2025 TabelaIII itemI código07035,Fa053c0581f74,Valor total único da tabela; Componentes não desagregados mantidos nulos. ISS e repartição pendentes.,
BA_REGISTRO_003,BA,REGISTRO,3200.01,8000,,,0,505.24,False,FAIXA_FIXA_NAO_PROGRESSIVA,2026-01-01,,PARCIAL_COMPONENTES,False,PENDENTE_LEI_MUNICIPAL,Decreto1075/2025 TabelaIII itemI código07048,Fa053c0581f74,Valor total único da tabela; Componentes não desagregados mantidos nulos. ISS e repartição pendentes.,
BA_REGISTRO_004,BA,REGISTRO,8000.01,12000,,,0,546.06,False,FAIXA_FIXA_NAO_PROGRESSIVA,2026-01-01,,PARCIAL_COMPONENTES,False,PENDENTE_LEI_MUNICIPAL,Decreto1075/2025 TabelaIII itemI código07052,Fa053c0581f74,Valor total único da tabela; Componentes não desagregados mantidos nulos. ISS e repartição pendentes.,
BA_REGISTRO_005,BA,REGISTRO,12000.01,16000,,,0,587.62,False,FAIXA_FIXA_NAO_PROGRESSIVA,2026-01-01,,PARCIAL_COMPONENTES,False,PENDENTE_LEI_MUNICIPAL,Decreto1075/2025 TabelaIII itemI código07056,Fa053c0581f74,Valor total único da tabela; Componentes não desagregados mantidos nulos. ISS e repartição pendentes.,
BA_REGISTRO_006,BA,REGISTRO,16000.01,24000,,,0,670.86,False,FAIXA_FIXA_NAO_PROGRESSIVA,2026-01-01,,PARCIAL_COMPONENTES,False,PENDENTE_LEI_MUNICIPAL,Decreto1075/2025 TabelaIII itemI código07064,Fa053c0581f74,Valor total único da tabela; Componentes não desagregados mantidos nulos. ISS e repartição pendentes.,
BA_REGISTRO_007,BA,REGISTRO,24000.01,32000,,,0,756.26,False,FAIXA_FIXA_NAO_PROGRESSIVA,2026-01-01,,PARCIAL_COMPONENTES,False,PENDENTE_LEI_MUNICIPAL,Decreto1075/2025 TabelaIII itemI código07072,Fa053c0581f74,Valor total único da tabela; Componentes não desagregados mantidos nulos. ISS e repartição pendentes.,
BA_REGISTRO_008,BA,REGISTRO,32000.01,47000,,,0,835.36,False,FAIXA_FIXA_NAO_PROGRESSIVA,2026-01-01,,PARCIAL_COMPONENTES,False,PENDENTE_LEI_MUNICIPAL,Decreto1075/2025 TabelaIII itemI código07080,Fa053c0581f74,Valor total único da tabela; Componentes não desagregados mantidos nulos. ISS e repartição pendentes.,
BA_REGISTRO_009,BA,REGISTRO,47000.01,63000,,,0,920.54,False,FAIXA_FIXA_NAO_PROGRESSIVA,2026-01-01,,PARCIAL_COMPONENTES,False,PENDENTE_LEI_MUNICIPAL,Decreto1075/2025 TabelaIII itemI código07089,Fa053c0581f74,Valor total único da tabela; Componentes não desagregados mantidos nulos. ISS e repartição pendentes.,
BA_REGISTRO_010,BA,REGISTRO,63000.01,78000,,,0,1010.84,False,FAIXA_FIXA_NAO_PROGRESSIVA,2026-01-01,,PARCIAL_COMPONENTES,False,PENDENTE_LEI_MUNICIPAL,Decreto1075/2025 TabelaIII itemI código07099,Fa053c0581f74,Valor total único da tabela; Componentes não desagregados mantidos nulos. ISS e repartição pendentes.,
BA_REGISTRO_011,BA,REGISTRO,78000.01,118000,,,0,1076.62,False,FAIXA_FIXA_NAO_PROGRESSIVA,2026-01-01,,PARCIAL_COMPONENTES,False,PENDENTE_LEI_MUNICIPAL,Decreto1075/2025 TabelaIII itemI código07100,Fa053c0581f74,Valor total único da tabela; Componentes não desagregados mantidos nulos. ISS e repartição pendentes.,
BA_REGISTRO_012,BA,REGISTRO,118000.01,160000,,,0,1164.82,False,FAIXA_FIXA_NAO_PROGRESSIVA,2026-01-01,,PARCIAL_COMPONENTES,False,PENDENTE_LEI_MUNICIPAL,Decreto1075/2025 TabelaIII itemI código07102,Fa053c0581f74,Valor total único da tabela; Componentes não desagregados mantidos nulos. ISS e repartição pendentes.,
BA_REGISTRO_013,BA,REGISTRO,160000.01,235000,,,0,1885.66,False,FAIXA_FIXA_NAO_PROGRESSIVA,2026-01-01,,PARCIAL_COMPONENTES,False,PENDENTE_LEI_MUNICIPAL,Decreto1075/2025 TabelaIII itemI código07110,Fa053c0581f74,Valor total único da tabela; Componentes não desagregados mantidos nulos. ISS e repartição pendentes.,
BA_REGISTRO_014,BA,REGISTRO,235000.01,350000,,,0,2828.84,False,FAIXA_FIXA_NAO_PROGRESSIVA,2026-01-01,,PARCIAL_COMPONENTES,False,PENDENTE_LEI_MUNICIPAL,Decreto1075/2025 TabelaIII itemI código07129,Fa053c0581f74,Valor total único da tabela; Componentes não desagregados mantidos nulos. ISS e repartição pendentes.,
BA_REGISTRO_015,BA,REGISTRO,350000.01,530000,,,0,4248.68,False,FAIXA_FIXA_NAO_PROGRESSIVA,2026-01-01,,PARCIAL_COMPONENTES,False,PENDENTE_LEI_MUNICIPAL,Decreto1075/2025 TabelaIII itemI código07137,Fa053c0581f74,Valor total único da tabela; Componentes não desagregados mantidos nulos. ISS e repartição pendentes.,
BA_REGISTRO_016,BA,REGISTRO,530000.01,800000,,,0,6371.4,False,FAIXA_FIXA_NAO_PROGRESSIVA,2026-01-01,,PARCIAL_COMPONENTES,False,PENDENTE_LEI_MUNICIPAL,Decreto1075/2025 TabelaIII itemI código07145,Fa053c0581f74,Valor total único da tabela; Componentes não desagregados mantidos nulos. ISS e repartição pendentes.,
BA_REGISTRO_017,BA,REGISTRO,800000.01,1200000,,,0,9555.6,False,FAIXA_FIXA_NAO_PROGRESSIVA,2026-01-01,,PARCIAL_COMPONENTES,False,PENDENTE_LEI_MUNICIPAL,Decreto1075/2025 TabelaIII itemI código07153,Fa053c0581f74,Valor total único da tabela; Componentes não desagregados mantidos nulos. ISS e repartição pendentes.,
BA_REGISTRO_018,BA,REGISTRO,1200000.01,1800000,,,0,11466.66,False,FAIXA_FIXA_NAO_PROGRESSIVA,2026-01-01,,PARCIAL_COMPONENTES,False,PENDENTE_LEI_MUNICIPAL,Decreto1075/2025 TabelaIII itemI código07161,Fa053c0581f74,Valor total único da tabela; Componentes não desagregados mantidos nulos. ISS e repartição pendentes.,
BA_REGISTRO_019,BA,REGISTRO,1800000.01,2700000,,,0,14907,False,FAIXA_FIXA_NAO_PROGRESSIVA,2026-01-01,,PARCIAL_COMPONENTES,False,PENDENTE_LEI_MUNICIPAL,Decreto1075/2025 TabelaIII itemI código07170,Fa053c0581f74,Valor total único da tabela; Componentes não desagregados mantidos nulos. ISS e repartição pendentes.,
BA_REGISTRO_020,BA,REGISTRO,2700000.01,4000000,,,0,19379.08,False,FAIXA_FIXA_NAO_PROGRESSIVA,2026-01-01,,PARCIAL_COMPONENTES,False,PENDENTE_LEI_MUNICIPAL,Decreto1075/2025 TabelaIII itemI código07188,Fa053c0581f74,Valor total único da tabela; Componentes não desagregados mantidos nulos. ISS e repartição pendentes.,
BA_REGISTRO_021,BA,REGISTRO,4000000.01,,,,0,25192.9,False,FAIXA_FIXA_NAO_PROGRESSIVA,2026-01-01,,PARCIAL_COMPONENTES,False,PENDENTE_LEI_MUNICIPAL,Decreto1075/2025 TabelaIII itemI código07196,Fa053c0581f74,Valor total único da tabela; Componentes não desagregados mantidos nulos. ISS e repartição pendentes.,
